-- MariaDB dump 10.19  Distrib 10.4.24-MariaDB, for Win64 (AMD64)
--
-- Host: localhost    Database: admsn
-- ------------------------------------------------------
-- Server version	10.4.24-MariaDB

/*!40101 SET @OLD_CHARACTER_SET_CLIENT=@@CHARACTER_SET_CLIENT */;
/*!40101 SET @OLD_CHARACTER_SET_RESULTS=@@CHARACTER_SET_RESULTS */;
/*!40101 SET @OLD_COLLATION_CONNECTION=@@COLLATION_CONNECTION */;
/*!40101 SET NAMES utf8mb4 */;
/*!40103 SET @OLD_TIME_ZONE=@@TIME_ZONE */;
/*!40103 SET TIME_ZONE='+00:00' */;
/*!40014 SET @OLD_UNIQUE_CHECKS=@@UNIQUE_CHECKS, UNIQUE_CHECKS=0 */;
/*!40014 SET @OLD_FOREIGN_KEY_CHECKS=@@FOREIGN_KEY_CHECKS, FOREIGN_KEY_CHECKS=0 */;
/*!40101 SET @OLD_SQL_MODE=@@SQL_MODE, SQL_MODE='NO_AUTO_VALUE_ON_ZERO' */;
/*!40111 SET @OLD_SQL_NOTES=@@SQL_NOTES, SQL_NOTES=0 */;

--
-- Table structure for table `comb_nr`
--

DROP TABLE IF EXISTS `comb_nr`;
/*!40101 SET @saved_cs_client     = @@character_set_client */;
/*!40101 SET character_set_client = utf8 */;
CREATE TABLE `comb_nr` (
  `id` int(11) NOT NULL AUTO_INCREMENT,
  `acad_session` varchar(21) DEFAULT NULL,
  `prog_type` varchar(13) DEFAULT NULL,
  `prog_name` varchar(71) DEFAULT NULL,
  `prog_code` varchar(21) DEFAULT NULL,
  `len_no_of_yrs` tinyint(4) DEFAULT NULL,
  `duration_units` tinyint(4) DEFAULT NULL,
  `specialisation_1` varchar(36) DEFAULT NULL,
  `specialisation_2` varchar(36) DEFAULT NULL,
  `specialisation_3` varchar(36) DEFAULT NULL,
  `option_code` varchar(11) DEFAULT NULL,
  `comb_choice` varchar(255) DEFAULT NULL,
  `remark` varchar(21) DEFAULT NULL,
  PRIMARY KEY (`id`)
) ENGINE=InnoDB AUTO_INCREMENT=357 DEFAULT CHARSET=utf8;
/*!40101 SET character_set_client = @saved_cs_client */;

--
-- Dumping data for table `comb_nr`
--

LOCK TABLES `comb_nr` WRITE;
/*!40000 ALTER TABLE `comb_nr` DISABLE KEYS */;
INSERT INTO `comb_nr` VALUES (1,'2020-2021','POSTGRADUATE','MBA (DUAL-TRIMESTER SCHEME)','MBA',2,6,'','','','',NULL,''),(2,'2020-2021','UNDERGRADUATE','BA-HONOURS','BA(H)',3,6,'PSY','SOC','','AH11',NULL,''),(3,'2020-2021','UNDERGRADUATE','BA-HONOURS','BA(H)',3,6,'PSY','FRN','','AH12',NULL,''),(4,'2020-2021','UNDERGRADUATE','BA-HONOURS','BA(H)',3,6,'PSY','ECO','','AH13',NULL,''),(5,'2020-2021','UNDERGRADUATE','BA-HONOURS','BA(H)',3,6,'PSY','GER','','AH15',NULL,''),(6,'2020-2021','UNDERGRADUATE','BA-HONOURS','BA(H)',3,6,'ECO','MAT','','AH21',NULL,''),(7,'2020-2021','UNDERGRADUATE','BA-HONOURS','BA(H)',3,6,'ECO','PSY','','AH22',NULL,''),(8,'2020-2021','UNDERGRADUATE','BA-HONOURS','BA(H)',3,6,'ECO','STT','','AH23',NULL,''),(9,'2020-2021','UNDERGRADUATE','BA-HONOURS','BA(H)',3,6,'ECO','PAD','','AH25',NULL,''),(10,'2020-2021','UNDERGRADUATE','BA-HONOURS','BA(H)',3,6,'ECO','GEO','','AH26',NULL,''),(11,'2020-2021','UNDERGRADUATE','BA-HONOURS','BA(H)',3,6,'ECO','ABM','','AH27',NULL,''),(12,'2020-2021','UNDERGRADUATE','BA-HONOURS','BA(H)',3,6,'ENG','PSY','','AH31',NULL,''),(13,'2020-2021','UNDERGRADUATE','BA-HONOURS','BA(H)',3,6,'ENG','SOC','','AH32',NULL,''),(14,'2020-2021','UNDERGRADUATE','BA-HONOURS','BA(H)',3,6,'ENG','WMS','','AH34',NULL,''),(15,'2020-2021','UNDERGRADUATE','BA-HONOURS','BA(H)',3,6,'ENG','MTB','','AH35',NULL,''),(16,'2020-2021','UNDERGRADUATE','BA-HONOURS','BA(H)',3,6,'ENG','ABM','','AH36',NULL,''),(17,'2020-2021','UNDERGRADUATE','BA-HONOURS','BA(H)',3,6,'ENG','CAI','','AH37',NULL,''),(18,'2020-2021','UNDERGRADUATE','BA-HONOURS','BA(H)',3,6,'ENG','GER','','AH38',NULL,''),(19,'2020-2021','UNDERGRADUATE','BA-HONOURS','BA(H)',3,6,'ENG','FRN','','AH39',NULL,''),(20,'2020-2021','UNDERGRADUATE','BA-HONOURS','BA(H)',3,6,'POL','PAD','','AH51',NULL,''),(21,'2020-2021','UNDERGRADUATE','BA-HONOURS','BA(H)',3,6,'POL','ENG','','AH52',NULL,''),(22,'2020-2021','UNDERGRADUATE','BA-HONOURS','BA(H)',3,6,'POL','GEO','','AH54',NULL,''),(23,'2020-2021','UNDERGRADUATE','BA-HONOURS','BA(H)',3,6,'POL','HIS','','AH55',NULL,''),(24,'2020-2021','UNDERGRADUATE','BA-PASS COURSE','BA',3,6,'ENG','PSY','SOC','AP02',NULL,''),(25,'2020-2021','UNDERGRADUATE','BA-PASS COURSE','BA',3,6,'ENG','PSY','ECO','AP03',NULL,''),(26,'2020-2021','UNDERGRADUATE','BA-PASS COURSE','BA',3,6,'ENG','SOC','GPM','AP05',NULL,''),(27,'2020-2021','UNDERGRADUATE','BA-PASS COURSE','BA',3,6,'HIS','ENG','PSY','AP08',NULL,''),(28,'2020-2021','UNDERGRADUATE','BA-PASS COURSE','BA',3,6,'HIS','SOC','PSY','AP09',NULL,''),(29,'2020-2021','UNDERGRADUATE','BA-PASS COURSE','BA',3,6,'HIS','ECO','PSY','AP10',NULL,''),(30,'2020-2021','UNDERGRADUATE','BA-PASS COURSE','BA',3,6,'HIS','SOC','PAD','AP100',NULL,''),(31,'2020-2021','UNDERGRADUATE','BA-PASS COURSE','BA',3,6,'HIS','ECO','PAD','AP11',NULL,''),(32,'2020-2021','UNDERGRADUATE','BA-PASS COURSE','BA',3,6,'GEO','STT','ECO','AP110',NULL,''),(33,'2020-2021','UNDERGRADUATE','BA-PASS COURSE','BA',3,6,'POL','PHE','SOC','AP113',NULL,''),(34,'2020-2021','UNDERGRADUATE','BA-PASS COURSE','BA',3,6,'POL','PHE','ECO','AP114',NULL,''),(35,'2020-2021','UNDERGRADUATE','BA-PASS COURSE','BA',3,6,'POL','ENG','PHE','AP115',NULL,''),(36,'2020-2021','UNDERGRADUATE','BA-PASS COURSE','BA',3,6,'ENG','FRN','CAI','AP124',NULL,''),(37,'2020-2021','UNDERGRADUATE','BA-PASS COURSE','BA',3,6,'ABM','SOC','HIS','AP129',NULL,''),(38,'2020-2021','UNDERGRADUATE','BA-PASS COURSE','BA',3,6,'ECO','ENG','GPM','AP13',NULL,''),(39,'2020-2021','UNDERGRADUATE','BA-PASS COURSE','BA',3,6,'ENG','SOC','HIS','AP130',NULL,''),(40,'2020-2021','UNDERGRADUATE','BA-PASS COURSE','BA',3,6,'POL','HIS','ENG','AP131',NULL,''),(41,'2020-2021','UNDERGRADUATE','BA-PASS COURSE','BA',3,6,'TJD','ECO','HIS','AP132',NULL,''),(42,'2020-2021','UNDERGRADUATE','BA-PASS COURSE','BA',3,6,'TJD','ENG','HIS','AP133',NULL,''),(43,'2020-2021','UNDERGRADUATE','BA-PASS COURSE','BA',3,6,'ENG','FRN','HIS','AP134',NULL,''),(44,'2020-2021','UNDERGRADUATE','BA-PASS COURSE','BA',3,6,'GEO','HIS','SOC','AP135',NULL,''),(45,'2020-2021','UNDERGRADUATE','BA-PASS COURSE','BA',3,6,'GEO','PSY','HIS','AP136',NULL,''),(46,'2020-2021','UNDERGRADUATE','BA-PASS COURSE','BA',3,6,'ABM','ENG','HIS','AP137',NULL,''),(47,'2020-2021','UNDERGRADUATE','BA-PASS COURSE','BA',3,6,'GPM','SOC','HIS','AP139',NULL,''),(48,'2020-2021','UNDERGRADUATE','BA-PASS COURSE','BA',3,6,'ECO','PAD','GPM','AP14',NULL,''),(49,'2020-2021','UNDERGRADUATE','BA-PASS COURSE','BA',3,6,'GPM','GEO','HIS','AP140',NULL,''),(50,'2020-2021','UNDERGRADUATE','BA-PASS COURSE','BA',3,6,'GPM','ECO','HIS','AP141',NULL,''),(51,'2020-2021','UNDERGRADUATE','BA-PASS COURSE','BA',3,6,'GPM','ENG','SOC','AP142',NULL,''),(52,'2020-2021','UNDERGRADUATE','BA-PASS COURSE','BA',3,6,'GPM','PHE','ENG','AP143',NULL,''),(53,'2020-2021','UNDERGRADUATE','BA-PASS COURSE','BA',3,6,'GPM','CAI','SOC','AP144',NULL,''),(54,'2020-2021','UNDERGRADUATE','BA-PASS COURSE','BA',3,6,'GPM','CAI','ECO','AP145',NULL,''),(55,'2020-2021','UNDERGRADUATE','BA-PASS COURSE','BA',3,6,'GEO','SOC','POL','AP147',NULL,''),(56,'2020-2021','UNDERGRADUATE','BA-PASS COURSE','BA',3,6,'PHE','TJD','ENG','AP148',NULL,''),(57,'2020-2021','UNDERGRADUATE','BA-PASS COURSE','BA',3,6,'ECO','ENG','HIS','AP15',NULL,''),(58,'2020-2021','UNDERGRADUATE','BA-PASS COURSE','BA',3,6,'HIS','GEO','ECO','AP150',NULL,''),(59,'2020-2021','UNDERGRADUATE','BA-PASS COURSE','BA',3,6,'TJD','ENG','GER','AP152',NULL,''),(60,'2020-2021','UNDERGRADUATE','BA-PASS COURSE','BA',3,6,'HIS','FTM','ECO','AP153',NULL,''),(61,'2020-2021','UNDERGRADUATE','BA-PASS COURSE','BA',3,6,'ENG','POL','SOC','AP155',NULL,''),(62,'2020-2021','UNDERGRADUATE','BA-PASS COURSE','BA',3,6,'NSS','PHE','ENG','AP156',NULL,''),(63,'2020-2021','UNDERGRADUATE','BA-PASS COURSE','BA',3,6,'NSS','CAI','GEO','AP157',NULL,''),(64,'2020-2021','UNDERGRADUATE','BA-PASS COURSE','BA',3,6,'NSS','PHE','PAD','AP158',NULL,''),(65,'2020-2021','UNDERGRADUATE','BA-PASS COURSE','BA',3,6,'NSS','GEO','CAI','AP159',NULL,''),(66,'2020-2021','UNDERGRADUATE','BA-PASS COURSE','BA',3,6,'ECO','PSY','PAD','AP16',NULL,''),(67,'2020-2021','UNDERGRADUATE','BA-PASS COURSE','BA',3,6,'ECO','ENG','POL','AP160',NULL,''),(68,'2020-2021','UNDERGRADUATE','BA-PASS COURSE','BA',3,6,'WMS','PAD','PHY','AP161',NULL,''),(69,'2020-2021','UNDERGRADUATE','BA-PASS COURSE','BA',3,6,'ABM','GEO','ECO','AP162',NULL,''),(70,'2020-2021','UNDERGRADUATE','BA-PASS COURSE','BA',3,6,'ABM','GEO','SOC','AP163',NULL,''),(71,'2020-2021','UNDERGRADUATE','BA-PASS COURSE','BA',3,6,'ABM','HIS','ECO','AP164',NULL,''),(72,'2020-2021','UNDERGRADUATE','BA-PASS COURSE','BA',3,6,'ECO','ENG','FTM','AP165',NULL,''),(73,'2020-2021','UNDERGRADUATE','BA-PASS COURSE','BA',3,6,'SOC','ENG','FTM','AP166',NULL,''),(74,'2020-2021','UNDERGRADUATE','BA-PASS COURSE','BA',3,6,'SOC','PAD','FTM','AP167',NULL,''),(75,'2020-2021','UNDERGRADUATE','BA-PASS COURSE','BA',3,6,'PAD','FRN','FTM','AP168',NULL,''),(76,'2020-2021','UNDERGRADUATE','BA-PASS COURSE','BA',3,6,'ECO','HIS','POL','AP18',NULL,''),(77,'2020-2021','UNDERGRADUATE','BA-PASS COURSE','BA',3,6,'ECO','PAD','POL','AP19',NULL,''),(78,'2020-2021','UNDERGRADUATE','BA-PASS COURSE','BA',3,6,'ECO','GPM','CAI','AP20',NULL,''),(79,'2020-2021','UNDERGRADUATE','BA-PASS COURSE','BA',3,6,'POL','PAD','HIS','AP21',NULL,''),(80,'2020-2021','UNDERGRADUATE','BA-PASS COURSE','BA',3,6,'POL','HIS','SOC','AP24',NULL,''),(81,'2020-2021','UNDERGRADUATE','BA-PASS COURSE','BA',3,6,'POL','PAD','SOC','AP25',NULL,''),(82,'2020-2021','UNDERGRADUATE','BA-PASS COURSE','BA',3,6,'PAD','HIS','PSY','AP26',NULL,''),(83,'2020-2021','UNDERGRADUATE','BA-PASS COURSE','BA',3,6,'ENG','FRN','PSY','AP27',NULL,''),(84,'2020-2021','UNDERGRADUATE','BA-PASS COURSE','BA',3,6,'ENG','GER','PSY','AP28',NULL,''),(85,'2020-2021','UNDERGRADUATE','BA-PASS COURSE','BA',3,6,'ENG','FRN','GPM','AP29',NULL,''),(86,'2020-2021','UNDERGRADUATE','BA-PASS COURSE','BA',3,6,'ENG','GER','GPM','AP30',NULL,''),(87,'2020-2021','UNDERGRADUATE','BA-PASS COURSE','BA',3,6,'CAI','FRN','MAT','AP35',NULL,''),(88,'2020-2021','UNDERGRADUATE','BA-PASS COURSE','BA',3,6,'CAI','GER','MAT','AP36',NULL,''),(89,'2020-2021','UNDERGRADUATE','BA-PASS COURSE','BA',3,6,'PSY','FRN','CAI','AP37',NULL,''),(90,'2020-2021','UNDERGRADUATE','BA-PASS COURSE','BA',3,6,'PSY','GER','CAI','AP38',NULL,''),(91,'2020-2021','UNDERGRADUATE','BA-PASS COURSE','BA',3,6,'CAI','ENG','GPM','AP39',NULL,''),(92,'2020-2021','UNDERGRADUATE','BA-PASS COURSE','BA',3,6,'CAI','ECO','MAT','AP41',NULL,''),(93,'2020-2021','UNDERGRADUATE','BA-PASS COURSE','BA',3,6,'MTB','HIS','ECO','AP42',NULL,''),(94,'2020-2021','UNDERGRADUATE','BA-PASS COURSE','BA',3,6,'MTB','ENG','FRN','AP43',NULL,''),(95,'2020-2021','UNDERGRADUATE','BA-PASS COURSE','BA',3,6,'MTB','ENG','GER','AP44',NULL,''),(96,'2020-2021','UNDERGRADUATE','BA-PASS COURSE','BA',3,6,'MTB','GEO','FRN','AP45',NULL,''),(97,'2020-2021','UNDERGRADUATE','BA-PASS COURSE','BA',3,6,'MTB','GEO','GER','AP46',NULL,''),(98,'2020-2021','UNDERGRADUATE','BA-PASS COURSE','BA',3,6,'MTB','ECO','ENG','AP47',NULL,''),(99,'2020-2021','UNDERGRADUATE','BA-PASS COURSE','BA',3,6,'MTB','HIS','FRN','AP48',NULL,''),(100,'2020-2021','UNDERGRADUATE','BA-PASS COURSE','BA',3,6,'MTB','HIS','GER','AP49',NULL,''),(101,'2020-2021','UNDERGRADUATE','BA-PASS COURSE','BA',3,6,'FTM','ENG','FRN','AP50',NULL,''),(102,'2020-2021','UNDERGRADUATE','BA-PASS COURSE','BA',3,6,'FTM','ENG','GER','AP51',NULL,''),(103,'2020-2021','UNDERGRADUATE','BA-PASS COURSE','BA',3,6,'FTM','GEO','ECO','AP52',NULL,''),(104,'2020-2021','UNDERGRADUATE','BA-PASS COURSE','BA',3,6,'GEO','PSY','SOC','AP53',NULL,''),(105,'2020-2021','UNDERGRADUATE','BA-PASS COURSE','BA',3,6,'GEO','PSY','ECO','AP54',NULL,''),(106,'2020-2021','UNDERGRADUATE','BA-PASS COURSE','BA',3,6,'GEO','HIS','POL','AP55',NULL,''),(107,'2020-2021','UNDERGRADUATE','BA-PASS COURSE','BA',3,6,'STT','ECO','CAI','AP56',NULL,''),(108,'2020-2021','UNDERGRADUATE','BA-PASS COURSE','BA',3,6,'STT','ECO','MAT','AP57',NULL,''),(109,'2020-2021','UNDERGRADUATE','BA-PASS COURSE','BA',3,6,'PSY','PHE','SOC','AP58',NULL,''),(110,'2020-2021','UNDERGRADUATE','BA-PASS COURSE','BA',3,6,'ABM','ENG','ECO','AP63',NULL,''),(111,'2020-2021','UNDERGRADUATE','BA-PASS COURSE','BA',3,6,'ABM','PAD','FRN','AP64',NULL,''),(112,'2020-2021','UNDERGRADUATE','BA-PASS COURSE','BA',3,6,'ABM','PAD','GER','AP65',NULL,''),(113,'2020-2021','UNDERGRADUATE','BA-PASS COURSE','BA',3,6,'PSY','ENG','PHE','AP71',NULL,''),(114,'2020-2021','UNDERGRADUATE','BA-PASS COURSE','BA',3,6,'ECO','ENG','PHE','AP72',NULL,''),(115,'2020-2021','UNDERGRADUATE','BA-PASS COURSE','BA',3,6,'PAD','PSY','PHE','AP73',NULL,''),(116,'2020-2021','UNDERGRADUATE','BA-PASS COURSE','BA',3,6,'GEO','SOC','PHE','AP74',NULL,''),(117,'2020-2021','UNDERGRADUATE','BA-PASS COURSE','BA',3,6,'PAD','SOC','PHE','AP75',NULL,''),(118,'2020-2021','UNDERGRADUATE','BA-PASS COURSE','BA',3,6,'CAI','ENG','PHE','AP76',NULL,''),(119,'2020-2021','UNDERGRADUATE','BA-PASS COURSE','BA',3,6,'FRN','PSY','PHE','AP77',NULL,''),(120,'2020-2021','UNDERGRADUATE','BA-PASS COURSE','BA',3,6,'ABM','ENG','SOC','AP78',NULL,''),(121,'2020-2021','UNDERGRADUATE','BA-PASS COURSE','BA',3,6,'TJD','HIS','FRN','AP87',NULL,''),(122,'2020-2021','UNDERGRADUATE','BA-PASS COURSE','BA',3,6,'TJD','HIS','GER','AP88',NULL,''),(123,'2020-2021','UNDERGRADUATE','BA-PASS COURSE','BA',3,6,'TJD','ENG','ECO','AP89',NULL,''),(124,'2020-2021','UNDERGRADUATE','BA-PASS COURSE','BA',3,6,'TJD','GEO','ECO','AP90',NULL,''),(125,'2020-2021','UNDERGRADUATE','BA-PASS COURSE','BA',3,6,'WMS','ENG','SOC','AP91',NULL,''),(126,'2020-2021','UNDERGRADUATE','BA-PASS COURSE','BA',3,6,'WMS','HIS','SOC','AP92',NULL,''),(127,'2020-2021','UNDERGRADUATE','BA-PASS COURSE','BA',3,6,'WMS','ENG','ECO','AP94',NULL,''),(128,'2020-2021','UNDERGRADUATE','BA-PASS COURSE','BA',3,6,'WMS','CAI','GEO','AP95',NULL,''),(129,'2020-2021','UNDERGRADUATE','BA-PASS COURSE','BA',3,6,'HIS','SOC','ENG','AP99',NULL,''),(130,'2020-2021','UNDERGRADUATE','BA BED','BA(BED)',4,8,'ECO','ENG','HIS','BAE01',NULL,''),(131,'2020-2021','UNDERGRADUATE','BA BED','BA(BED)',4,8,'ENG','HIS','POL','BAE02',NULL,''),(132,'2020-2021','UNDERGRADUATE','BA BED','BA(BED)',4,8,'ECO','ENG','POL','BAE03',NULL,''),(133,'2020-2021','UNDERGRADUATE','BA BED','BA(BED)',4,8,'ENG','POL','SOC','BAE04',NULL,''),(134,'2020-2021','UNDERGRADUATE','BA BED','BA(BED)',4,8,'ENG','SOC','HIS','BAE05',NULL,''),(135,'2020-2021','UNDERGRADUATE','BA BED','BA(BED)',4,8,'PSY','GEO','HIS','BAE06',NULL,''),(136,'2020-2021','UNDERGRADUATE','BA BED','BA(BED)',4,8,'PSY','ENG','SOC','BAE07',NULL,''),(137,'2020-2021','UNDERGRADUATE','BA BED','BA(BED)',4,8,'PSY','GEO','ECO','BAE08',NULL,''),(138,'2020-2021','UNDERGRADUATE','BBA (CBCS)','BBA',3,6,'BBA','','','BBA01',NULL,''),(139,'2020-2021','UNDERGRADUATE','BCA (CBCS)','BCA',3,6,'BCA','','','BCA01',NULL,''),(140,'2020-2021','UNDERGRADUATE','BSC-FASHION DESIGNING (CBCS)','BSC(FD)',3,6,'FSD','','','BFD01',NULL,''),(141,'2020-2021','UNDERGRADUATE','BSC-JDT','BJD01',3,6,'JWT','','','BJD01',NULL,''),(142,'2020-2021','UNDERGRADUATE','BSC-HONOURS (MULTIMEDIA & ANIMATION)','BMA01',3,6,'BMA','','','BMA01',NULL,''),(143,'2020-2021','UNDERGRADUATE','BCOM(H)-PROFICIENCY','BCOM-P',3,6,'BCP','','','BP01',NULL,''),(144,'2020-2021','UNDERGRADUATE','BCOM(H)-PROFICIENCY','BCOM-P',3,6,'BCS','','','BP02',NULL,''),(145,'2020-2021','UNDERGRADUATE','BCOM(H)-PROFICIENCY (AAF)','BCOM-AAF',3,6,'AAF','','','BP03',NULL,''),(146,'2020-2021','UNDERGRADUATE','BSC BED','BSC(BED)',4,8,'CHY','PHY','MAT','BSE01',NULL,''),(147,'2020-2021','UNDERGRADUATE','BSC BED','BSC(BED)',4,8,'CHY','BOT','ZOL','BSE02',NULL,''),(148,'2020-2021','UNDERGRADUATE','BCOM-HONOURS','BCOM(H)',3,6,'ATG','','','CH01',NULL,''),(149,'2020-2021','UNDERGRADUATE','BCOM-HONOURS','BCOM(H)',3,6,'BSG','','','CH02',NULL,''),(150,'2020-2021','UNDERGRADUATE','BCOM-HONOURS','BCOM(H)',3,6,'FSG','','','CH03',NULL,''),(151,'2020-2021','UNDERGRADUATE','BCOM-HONOURS','BCOM(H)',3,6,'BSR','','','CH04',NULL,''),(152,'2020-2021','UNDERGRADUATE','BCOM-HONOURS','BCOM(H)',3,6,'HRG','','','CH06',NULL,''),(153,'2020-2021','UNDERGRADUATE','BCOM-HONOURS','BCOM(H)',3,6,'IBG','','','CH07',NULL,''),(154,'2020-2021','UNDERGRADUATE','BCOM-HONOURS','BCOM(H)',3,6,'FMG','','','CH08',NULL,''),(155,'2020-2021','UNDERGRADUATE','BCOM-PASS COURSE','BCOM',3,6,'ABF','','','CP01',NULL,''),(156,'2020-2021','UNDERGRADUATE','BCOM-PASS COURSE','BCOM',3,6,'CAI','','','CP02',NULL,''),(157,'2020-2021','UNDERGRADUATE','BCOM-PASS COURSE','BCOM',3,6,'MTB','','','CP03',NULL,''),(158,'2020-2021','UNDERGRADUATE','BCOM-PASS COURSE','BCOM',3,6,'ABM','','','CP04',NULL,''),(159,'2020-2021','UNDERGRADUATE','BCOM-PASS COURSE','BCOM',3,6,'FTM','','','CP05',NULL,''),(160,'2020-2021','UNDERGRADUATE','BCOM-PASS COURSE','BCOM',3,6,'GPM','','','CP06',NULL,''),(161,'2020-2021','UNDERGRADUATE','BCOM-PASS COURSE','BCOM',3,6,'TJD','','','CP07',NULL,''),(162,'2020-2021','UNDERGRADUATE','BCOM-PASS COURSE','BCOM',3,6,'PHE','','','CP08',NULL,''),(163,'2020-2021','MPHIL_PHD','PH D(FACULTY OF ARTS AND SOCIAL SCIENCE)','PHD(FASS)',1,1,'ENG','','','DP101',NULL,''),(164,'2020-2021','MPHIL_PHD','PH D(FACULTY OF ARTS AND SOCIAL SCIENCE)','PHD(FASS)',1,1,'JMC','','','DP104',NULL,''),(165,'2020-2021','MPHIL_PHD','PH D(FACULTY OF ARTS AND SOCIAL SCIENCE)','PHD(FASS)',1,1,'ECO','','','DP105',NULL,''),(166,'2020-2021','MPHIL_PHD','PH D(FACULTY OF ARTS AND SOCIAL SCIENCE)','PHD(FASS)',1,1,'SOC','','','DP110',NULL,'Seats not available'),(167,'2020-2021','MPHIL_PHD','PH D(FACULTY OF ARTS AND SOCIAL SCIENCE)','PHD(FASS)',1,1,'VAF','','','DP112',NULL,''),(168,'2020-2021','MPHIL_PHD','PH D(FACULTY OF ARTS AND SOCIAL SCIENCE)','PHD(FASS)',1,1,'FTT','','','DP113A',NULL,''),(169,'2020-2021','MPHIL_PHD','PH D(FACULTY OF ARTS AND SOCIAL SCIENCE)','PHD(FASS)',1,1,'GEO','','','DP114',NULL,''),(170,'2020-2021','MPHIL_PHD','PH D(FACULTY OF ARTS AND SOCIAL SCIENCE)','PHD(FASS)',1,1,'MAT','','','DP115',NULL,''),(171,'2020-2021','MPHIL_PHD','PH D(FACULTY OF ARTS AND SOCIAL SCIENCE)','PHD(FASS)',1,1,'PSY','','','DP116',NULL,'seats not available'),(172,'2020-2021','MPHIL_PHD','PH D(FACULTY OF SCIENCE)','PHD(FS)',1,1,'LSC','','','DP201',NULL,''),(173,'2020-2021','MPHIL_PHD','PH D(FACULTY OF SCIENCE)','PHD(FS)',1,1,'CHY','','','DP202',NULL,''),(174,'2020-2021','MPHIL_PHD','PH D(FACULTY OF SCIENCE)','PHD(FS)',1,1,'CSC','','','DP203',NULL,''),(175,'2020-2021','MPHIL_PHD','PH D(FACULTY OF SCIENCE)','PHD(FS)',1,1,'FTT','','','DP204A',NULL,''),(176,'2020-2021','MPHIL_PHD','PH D(FACULTY OF SCIENCE)','PHD(FS)',1,1,'HSC','','','DP205',NULL,''),(177,'2020-2021','MPHIL_PHD','PH D(FACULTY OF SCIENCE)','PHD(FS)',1,1,'MAT','','','DP206',NULL,''),(178,'2020-2021','MPHIL_PHD','PH D(FACULTY OF SCIENCE)','PHD(FS)',1,1,'GEO','','','DP207',NULL,''),(179,'2020-2021','MPHIL_PHD','PH D(FACULTY OF SCIENCE)','PHD(FS)',1,1,'PHY','','','DP208',NULL,''),(180,'2020-2021','MPHIL_PHD','PH D(FACULTY OF SCIENCE)','PHD(FS)',1,1,'PSY','','','DP209',NULL,'Seats not available'),(181,'2020-2021','MPHIL_PHD','PH D(FACULTY OF SCIENCE)','PHD(FS)',1,1,'ENV','','','DP210',NULL,''),(182,'2020-2021','MPHIL_PHD','PH D(FACULTY OF COMMERCE AND MANAGEMENT)','PHD(FCM)',1,1,'ATG','','','DP301',NULL,''),(183,'2020-2021','MPHIL_PHD','PH D(FACULTY OF COMMERCE AND MANAGEMENT)','PHD(FCM)',1,1,'MMG','','','DP302',NULL,''),(184,'2020-2021','MPHIL_PHD','PH D(FACULTY OF COMMERCE AND MANAGEMENT)','PHD(FCM)',1,1,'GMG','','','DP303',NULL,''),(185,'2020-2021','MPHIL_PHD','PH D(FACULTY OF COMMERCE AND MANAGEMENT)','PHD(FCM)',1,1,'FSG','','','DP304',NULL,''),(186,'2020-2021','MPHIL_PHD','PH D(FACULTY OF COMMERCE AND MANAGEMENT)','PHD(FCM)',1,1,'HRG','','','DP305',NULL,''),(187,'2020-2021','UNDERGRADUATE','BSC(H)-HOME SCIENCE (CBCS)','HSC',3,6,'HSC','','','HS02',NULL,''),(188,'2020-2021','UNDERGRADUATE','BA-JMC (CBCS)','BJMC',3,6,'JMC','','','BJM01',NULL,''),(189,'2020-2021','POSTGRADUATE','MA','MA',2,4,'ENG','','','MA01',NULL,''),(190,'2020-2021','POSTGRADUATE','MA','MA',2,4,'HIS','','','MA03',NULL,''),(191,'2020-2021','POSTGRADUATE','MA','MA',2,4,'ECO','','','MA04',NULL,''),(192,'2020-2021','POSTGRADUATE','MA','MA',2,4,'PSY','','','MA07',NULL,''),(193,'2020-2021','POSTGRADUATE','MA','MA',2,4,'FRN','','','MA08',NULL,''),(194,'2020-2021','POSTGRADUATE','MA','MA',2,4,'SOC','','','MA09',NULL,''),(195,'2020-2021','POSTGRADUATE','MA','MA',2,4,'GEO','','','MA11',NULL,''),(196,'2020-2021','POSTGRADUATE','MA','MA',2,4,'MAT','','','MA13',NULL,''),(197,'2020-2021','POSTGRADUATE','MA','MA',2,4,'POL','','','MA16',NULL,''),(198,'2020-2021','POSTGRADUATE','MA','MA',2,4,'STT','','','MA18',NULL,''),(199,'2020-2021','POSTGRADUATE','MA','MA',2,4,'MIR','','','MA19',NULL,''),(200,'2020-2021','POSTGRADUATE','MA','MA',2,4,'PAD','','','MA20',NULL,''),(201,'2020-2021','POSTGRADUATE','MBA (SEMESTER SCHEME)','MBA-SEM',2,4,'MAM','','','MAM01',NULL,''),(202,'2020-2021','POSTGRADUATE','MCOM','MCOM',2,4,'ATG','','','MC01A',NULL,''),(203,'2020-2021','POSTGRADUATE','MCOM','MCOM',2,4,'BSG','','','MC02A',NULL,''),(204,'2020-2021','POSTGRADUATE','MCOM','MCOM',2,4,'FSG','','','MC03A',NULL,''),(205,'2020-2021','POSTGRADUATE','MFA','MVA',2,4,'VAP','','','MFA01',NULL,''),(206,'2020-2021','POSTGRADUATE','MA-FASHION DESIGN','MFA01A',2,4,'FSD','','','MFA01A',NULL,''),(207,'2020-2021','POSTGRADUATE','MFA','MVA',2,4,'VAA(G)','','','MFA02',NULL,''),(208,'2020-2021','POSTGRADUATE','MFA','MVA',2,4,'VAA(I)','','','MFA03',NULL,''),(209,'2020-2021','POSTGRADUATE','MFA','MVA',2,4,'VAS(P)','','','MFA04',NULL,''),(210,'2020-2021','POSTGRADUATE','MFA','MVA',2,4,'VAS(C)','','','MFA05',NULL,''),(211,'2020-2021','POSTGRADUATE','MFA','MVA',2,4,'VHA','','','MFA07',NULL,''),(212,'2020-2021','POSTGRADUATE','MCOM-FASHION DESIGN','MFC01A',2,4,'FSD','','','MFC01A',NULL,''),(213,'2020-2021','POSTGRADUATE','MBA (SEMESTER SCHEME)','MBA-SEM',2,4,'MFM','','','MFM01',NULL,''),(214,'2020-2021','POSTGRADUATE','MSC-FASHION DESIGN','MFS01A',2,4,'FSD','','','MFS01A',NULL,''),(215,'2020-2021','POSTGRADUATE','MSC HSC','MSC(HSC)',2,4,'HFN','','','MH01',NULL,''),(216,'2020-2021','POSTGRADUATE','MSC HSC','MSC(HSC)',2,4,'HHD','','','MH02',NULL,''),(217,'2020-2021','POSTGRADUATE','MSC HSC','MSC(HSC)',2,4,'HCT','','','MH04',NULL,''),(218,'2020-2021','POSTGRADUATE','MBA (SEMESTER SCHEME)','MBA-SEM',2,4,'MHR','','','MHR01',NULL,''),(219,'2020-2021','POSTGRADUATE','MBA (SEMESTER SCHEME)','MBA-SEM',2,4,'MIB','','','MIB01',NULL,''),(220,'2020-2021','POSTGRADUATE','MA-JMC','MJ01',2,4,'JMC','','','MJ01',NULL,''),(221,'2020-2021','MPHIL_PHD','M PHIL(FACULTY OF ARTS AND SOCIAL SCIENCE)','MPHIL(FASS)',1,1,'ENG','','','MP101',NULL,''),(222,'2020-2021','MPHIL_PHD','M PHIL(FACULTY OF ARTS AND SOCIAL SCIENCE)','MPHIL(FASS)',1,1,'JMC','','','MP104',NULL,''),(223,'2020-2021','MPHIL_PHD','M PHIL(FACULTY OF ARTS AND SOCIAL SCIENCE)','MPHIL(FASS)',1,1,'ECO','','','MP105',NULL,''),(224,'2020-2021','MPHIL_PHD','M PHIL(FACULTY OF ARTS AND SOCIAL SCIENCE)','MPHIL(FASS)',1,1,'SOC','','','MP110',NULL,''),(225,'2020-2021','MPHIL_PHD','M PHIL(FACULTY OF ARTS AND SOCIAL SCIENCE)','MPHIL(FASS)',1,1,'VAF','','','MP112',NULL,''),(226,'2020-2021','MPHIL_PHD','M PHIL(FACULTY OF ARTS AND SOCIAL SCIENCE)','MPHIL(FASS)',1,1,'FTT','','','MP113A',NULL,''),(227,'2020-2021','MPHIL_PHD','M PHIL(FACULTY OF ARTS AND SOCIAL SCIENCE)','MPHIL(FASS)',1,1,'GEO','','','MP114',NULL,''),(228,'2020-2021','MPHIL_PHD','M PHIL(FACULTY OF ARTS AND SOCIAL SCIENCE)','MPHIL(FASS)',1,1,'MAT','','','MP115',NULL,''),(229,'2020-2021','MPHIL_PHD','M PHIL(FACULTY OF ARTS AND SOCIAL SCIENCE)','MPHIL(FASS)',1,1,'PSY','','','MP116',NULL,''),(230,'2020-2021','MPHIL_PHD','M PHIL(FACULTY OF SCIENCE)','MPHIL(FS)',1,1,'LSC','','','MP201',NULL,''),(231,'2020-2021','MPHIL_PHD','M PHIL(FACULTY OF SCIENCE)','MPHIL(FS)',1,1,'CHY','','','MP202',NULL,''),(232,'2020-2021','MPHIL_PHD','M PHIL(FACULTY OF SCIENCE)','MPHIL(FS)',1,1,'CSC','','','MP203',NULL,''),(233,'2020-2021','MPHIL_PHD','M PHIL(FACULTY OF SCIENCE)','MPHIL(FS)',1,1,'FTT','','','MP204A',NULL,''),(234,'2020-2021','MPHIL_PHD','M PHIL(FACULTY OF SCIENCE)','MPHIL(FS)',1,1,'HSC','','','MP205',NULL,''),(235,'2020-2021','MPHIL_PHD','M PHIL(FACULTY OF SCIENCE)','MPHIL(FS)',1,1,'MAT','','','MP206',NULL,''),(236,'2020-2021','MPHIL_PHD','M PHIL(FACULTY OF SCIENCE)','MPHIL(FS)',1,1,'GEO','','','MP207',NULL,''),(237,'2020-2021','MPHIL_PHD','M PHIL(FACULTY OF SCIENCE)','MPHIL(FS)',1,1,'PHY','','','MP208',NULL,''),(238,'2020-2021','MPHIL_PHD','M PHIL(FACULTY OF SCIENCE)','MPHIL(FS)',1,1,'PSY','','','MP209',NULL,''),(239,'2020-2021','MPHIL_PHD','M PHIL(FACULTY OF SCIENCE)','MPHIL(FS)',1,1,'ENV','','','MP210',NULL,''),(240,'2020-2021','MPHIL_PHD','M PHIL(FACULTY OF COMMERCE AND MANAGEMENT)','MPHIL(FCM)',1,1,'ATG','','','MP301',NULL,''),(241,'2020-2021','MPHIL_PHD','M PHIL(FACULTY OF COMMERCE AND MANAGEMENT)','MPHIL(FCM)',1,1,'MMG','','','MP302',NULL,''),(242,'2020-2021','MPHIL_PHD','M PHIL(FACULTY OF COMMERCE AND MANAGEMENT)','MPHIL(FCM)',1,1,'GMG','','','MP303',NULL,''),(243,'2020-2021','MPHIL_PHD','M PHIL(FACULTY OF COMMERCE AND MANAGEMENT)','MPHIL(FCM)',1,1,'FSG','','','MP304',NULL,''),(244,'2020-2021','MPHIL_PHD','M PHIL(FACULTY OF COMMERCE AND MANAGEMENT)','MPHIL(FCM)',1,1,'HRG','','','MP305',NULL,''),(245,'2020-2021','POSTGRADUATE','MBA (SEMESTER SCHEME)','MBA-SEM',2,4,'MRM','','','MRM01',NULL,''),(246,'2020-2021','POSTGRADUATE','MSC','MSC',2,4,'ZOL','','','MS01',NULL,''),(247,'2020-2021','POSTGRADUATE','MSC','MSC',2,4,'CHY','','','MS02',NULL,''),(248,'2020-2021','POSTGRADUATE','MSC','MSC',2,4,'MBL','','','MS03',NULL,''),(249,'2020-2021','POSTGRADUATE','MSC','MSC',2,4,'BTE','','','MS04',NULL,''),(250,'2020-2021','POSTGRADUATE','MSC','MSC',2,4,'BOT','','','MS05',NULL,''),(251,'2020-2021','POSTGRADUATE','MSC','MSC',2,4,'PSY','','','MS07',NULL,''),(252,'2020-2021','POSTGRADUATE','MSC','MSC',2,4,'ENV','','','MS08',NULL,''),(253,'2020-2021','POSTGRADUATE','MSC','MSC',2,4,'MIT','','','MS09',NULL,''),(254,'2020-2021','POSTGRADUATE','MSC','MSC',2,4,'GEO','','','MS10',NULL,''),(255,'2020-2021','POSTGRADUATE','MSC','MSC',2,4,'MAT','','','MS11',NULL,''),(256,'2020-2021','POSTGRADUATE','MSC','MSC',2,4,'PHY','','','MS13',NULL,''),(257,'2020-2021','POSTGRADUATE','MSC','MSC',2,4,'ECO','','','MS16',NULL,''),(258,'2020-2021','POSTGRADUATE','MSC','MSC',2,4,'STT','','','MS17',NULL,''),(259,'2020-2021','POSTGRADUATE','MBA (SEMESTER SCHEME)','MBA-SEM',2,4,'MTM','','','MTM01',NULL,''),(260,'2020-2021','POSTGRADUATE','MSW','MSW',2,4,'MSW','','','MSW01',NULL,''),(261,'2020-2021','UNDERGRADUATE','BSC-HONOURS','BSC(H)',3,6,'PSY','ECO','','SH11',NULL,''),(262,'2020-2021','UNDERGRADUATE','BSC-HONOURS','BSC(H)',3,6,'ECO','MAT','','SH21',NULL,''),(263,'2020-2021','UNDERGRADUATE','BSC-HONOURS','BSC(H)',3,6,'ECO','STT','','SH22',NULL,''),(264,'2020-2021','UNDERGRADUATE','BSC-HONOURS','BSC(H)',3,6,'ECO','PSY','','SH23',NULL,''),(265,'2020-2021','UNDERGRADUATE','BSC-HONOURS','BSC(H)',3,6,'ECO','GEO','','SH25',NULL,''),(266,'2020-2021','UNDERGRADUATE','BSC-HONOURS','BSC(H)',3,6,'CHY','MAT','','SH31',NULL,''),(267,'2020-2021','UNDERGRADUATE','BSC-HONOURS','BSC(H)',3,6,'CHY','ZOL','','SH32',NULL,''),(268,'2020-2021','UNDERGRADUATE','BSC-HONOURS','BSC(H)',3,6,'CHY','ENV','','SH33',NULL,''),(269,'2020-2021','UNDERGRADUATE','BSC-HONOURS','BSC(H)',3,6,'ZOL','BOT','','SH41',NULL,''),(270,'2020-2021','UNDERGRADUATE','BSC-HONOURS','BSC(H)',3,6,'ZOL','CHY','','SH42',NULL,''),(271,'2020-2021','UNDERGRADUATE','BSC-HONOURS','BSC(H)',3,6,'PHY','MAT','','SH61',NULL,''),(272,'2020-2021','UNDERGRADUATE','BSC-PASS COURSE','BSC',3,6,'CHY','PHY','MAT','SP01',NULL,''),(273,'2020-2021','UNDERGRADUATE','BSC-PASS COURSE','BSC',3,6,'CHY','BOT','ZOL','SP02',NULL,''),(274,'2020-2021','UNDERGRADUATE','BSC-PASS COURSE','BSC',3,6,'CHY','ECO','MAT','SP03',NULL,''),(275,'2020-2021','UNDERGRADUATE','BSC-PASS COURSE','BSC',3,6,'CHY','ZOL','BTE','SP04',NULL,''),(276,'2020-2021','UNDERGRADUATE','BSC-PASS COURSE','BSC',3,6,'CHY','BOT','BTE','SP05',NULL,''),(277,'2020-2021','UNDERGRADUATE','BSC-PASS COURSE','BSC',3,6,'BTE','BOT','ZOL','SP06',NULL,''),(278,'2020-2021','UNDERGRADUATE','BSC-PASS COURSE','BSC',3,6,'PSY','BOT','ZOL','SP07',NULL,''),(279,'2020-2021','UNDERGRADUATE','BSC-PASS COURSE','BSC',3,6,'PSY','ECO','MAT','SP09',NULL,''),(280,'2020-2021','UNDERGRADUATE','BSC-PASS COURSE','BSC',3,6,'ECO','CAI','GPM','SP11',NULL,''),(281,'2020-2021','UNDERGRADUATE','BSC-PASS COURSE','BSC',3,6,'GEO','CAI','ECO','SP13',NULL,''),(282,'2020-2021','UNDERGRADUATE','BSC-PASS COURSE','BSC',3,6,'GEO','CHY','ECO','SP14',NULL,''),(283,'2020-2021','UNDERGRADUATE','BSC-PASS COURSE','BSC',3,6,'GEO','PSY','CAI','SP15',NULL,''),(284,'2020-2021','UNDERGRADUATE','BSC-PASS COURSE','BSC',3,6,'GEO','PSY','ECO','SP16',NULL,''),(285,'2020-2021','UNDERGRADUATE','BSC-PASS COURSE','BSC',3,6,'CAI','MAT','PHY','SP17',NULL,''),(286,'2020-2021','UNDERGRADUATE','BSC-PASS COURSE','BSC',3,6,'CAI','BOT','ZOL','SP18',NULL,''),(287,'2020-2021','UNDERGRADUATE','BSC-PASS COURSE','BSC',3,6,'CAI','CHY','BOT','SP19',NULL,''),(288,'2020-2021','UNDERGRADUATE','BSC-PASS COURSE','BSC',3,6,'CAI','CHY','ZOL','SP20',NULL,''),(289,'2020-2021','UNDERGRADUATE','BSC-PASS COURSE','BSC',3,6,'CAI','CHY','MAT','SP21',NULL,''),(290,'2020-2021','UNDERGRADUATE','BSC-PASS COURSE','BSC',3,6,'CAI','ECO','MAT','SP22',NULL,''),(291,'2020-2021','UNDERGRADUATE','BSC-PASS COURSE','BSC',3,6,'CAI','ECO','CHY','SP23',NULL,''),(292,'2020-2021','UNDERGRADUATE','BSC-PASS COURSE','BSC',3,6,'CAI','PHY','CHY','SP24',NULL,''),(293,'2020-2021','UNDERGRADUATE','BSC-PASS COURSE','BSC',3,6,'CAI','MAT','STT','SP25',NULL,''),(294,'2020-2021','UNDERGRADUATE','BSC-PASS COURSE','BSC',3,6,'CAI','ECO','PSY','SP26',NULL,''),(295,'2020-2021','UNDERGRADUATE','BSC-PASS COURSE','BSC',3,6,'CAI','PSY','MAT','SP27',NULL,''),(296,'2020-2021','UNDERGRADUATE','BSC-PASS COURSE','BSC',3,6,'STT','ECO','CAI','SP28',NULL,''),(297,'2020-2021','UNDERGRADUATE','BSC-PASS COURSE','BSC',3,6,'STT','ECO','MAT','SP29',NULL,''),(298,'2020-2021','UNDERGRADUATE','BSC-PASS COURSE','BSC',3,6,'STT','PHY','MAT','SP30',NULL,''),(299,'2020-2021','UNDERGRADUATE','BSC-PASS COURSE','BSC',3,6,'STT','PHY','CAI','SP31',NULL,''),(300,'2020-2021','UNDERGRADUATE','BSC-PASS COURSE','BSC',3,6,'STT','ZOL','CAI','SP32',NULL,''),(301,'2020-2021','UNDERGRADUATE','BSC-PASS COURSE','BSC',3,6,'BOT','ZOL','STT','SP35',NULL,''),(302,'2020-2021','UNDERGRADUATE','BSC-PASS COURSE','BSC',3,6,'STT','ZOL','BTE','SP36',NULL,''),(303,'2020-2021','UNDERGRADUATE','BSC-PASS COURSE','BSC',3,6,'STT','BOT','BTE','SP37',NULL,''),(304,'2020-2021','UNDERGRADUATE','BSC-PASS COURSE','BSC',3,6,'ENV','BOT','BTE','SP38',NULL,''),(305,'2020-2021','UNDERGRADUATE','BSC-PASS COURSE','BSC',3,6,'ENV','CHY','BTE','SP39',NULL,''),(306,'2020-2021','UNDERGRADUATE','BSC-PASS COURSE','BSC',3,6,'ENV','BOT','CAI','SP40',NULL,''),(307,'2020-2021','UNDERGRADUATE','BSC-PASS COURSE','BSC',3,6,'ENV','CHY','CAI','SP41',NULL,''),(308,'2020-2021','UNDERGRADUATE','BSC-PASS COURSE','BSC',3,6,'ENV','BOT','CHY','SP42',NULL,''),(309,'2020-2021','UNDERGRADUATE','BSC-PASS COURSE','BSC',3,6,'MBL','CHY','BOT','SP43',NULL,''),(310,'2020-2021','UNDERGRADUATE','BSC-PASS COURSE','BSC',3,6,'MBL','CHY','ZOL','SP44',NULL,''),(311,'2020-2021','UNDERGRADUATE','BSC-PASS COURSE','BSC',3,6,'MBL','BOT','ENV','SP45',NULL,''),(312,'2020-2021','UNDERGRADUATE','BSC-PASS COURSE','BSC',3,6,'MBL','BOT','ZOL','SP46',NULL,''),(313,'2020-2021','UNDERGRADUATE','BSC-PASS COURSE','BSC',3,6,'CND','BTE','ZOL','SP47',NULL,''),(314,'2020-2021','UNDERGRADUATE','BSC-PASS COURSE','BSC',3,6,'CND','CHY','ZOL','SP48',NULL,''),(315,'2020-2021','UNDERGRADUATE','BSC-PASS COURSE','BSC',3,6,'CND','BTE','CHY','SP49',NULL,''),(316,'2020-2021','UNDERGRADUATE','BSC-PASS COURSE','BSC',3,6,'CND','ENV','CHY','SP50',NULL,''),(317,'2020-2021','UNDERGRADUATE','BSC-PASS COURSE','BSC',3,6,'CND','ZOL','CAI','SP51',NULL,''),(318,'2020-2021','UNDERGRADUATE','BSC-PASS COURSE','BSC',3,6,'FSQ','BTE','ZOL','SP52',NULL,''),(319,'2020-2021','UNDERGRADUATE','BSC-PASS COURSE','BSC',3,6,'FSQ','BTE','ENV','SP53',NULL,''),(320,'2020-2021','UNDERGRADUATE','BSC-PASS COURSE','BSC',3,6,'FSQ','BTE','CHY','SP54',NULL,''),(321,'2020-2021','UNDERGRADUATE','BSC-PASS COURSE','BSC',3,6,'FST','PSY','ECO','SP59',NULL,''),(322,'2020-2021','UNDERGRADUATE','BSC-PASS COURSE','BSC',3,6,'GEO','PHE','ECO','SP65',NULL,''),(323,'2020-2021','UNDERGRADUATE','BSC-PASS COURSE','BSC',3,6,'PSY','PHE','ECO','SP66',NULL,''),(324,'2020-2021','UNDERGRADUATE','BSC-PASS COURSE','BSC',3,6,'STT','PHE','ZOL','SP67',NULL,''),(325,'2020-2021','UNDERGRADUATE','BSC-PASS COURSE','BSC',3,6,'PSY','PHE','ZOL','SP68',NULL,''),(326,'2020-2021','UNDERGRADUATE','BSC-PASS COURSE','BSC',3,6,'GEO','ECO','STT','SP72',NULL,''),(327,'2020-2021','UNDERGRADUATE','BSC-PASS COURSE','BSC',3,6,'ENV','BTE','CND','SP73',NULL,''),(328,'2020-2021','UNDERGRADUATE','BSC-PASS COURSE','BSC',3,6,'GPM','GEO','ECO','SP76',NULL,''),(329,'2020-2021','UNDERGRADUATE','BSC-PASS COURSE','BSC',3,6,'GEO','CAI','GPM','SP77',NULL,''),(330,'2020-2021','UNDERGRADUATE','BSC-PASS COURSE','BSC',3,6,'PSY','BOT','ENV','SP79',NULL,''),(331,'2020-2021','UNDERGRADUATE','BSC-PASS COURSE','BSC',3,6,'CAI','PSY','MAT','SP80',NULL,''),(332,'2020-2021','UNDERGRADUATE','BSC-PASS COURSE','BSC',3,6,'NSS','GEO','ENV','SP82',NULL,''),(333,'2020-2021','UNDERGRADUATE','BSC-PASS COURSE','BSC',3,6,'NSS','CAI','ENV','SP83',NULL,''),(334,'2020-2021','UNDERGRADUATE','BSC-PASS COURSE','BSC',3,6,'NSS','BOT','ENV','SP84',NULL,''),(335,'2020-2021','UNDERGRADUATE','BSC-PASS COURSE','BSC',3,6,'STT','BTE','ENV','SP85',NULL,''),(336,'2020-2021','UNDERGRADUATE','BSC-PASS COURSE','BSC',3,6,'FSQ','MBL','ZOL','SP87',NULL,''),(337,'2020-2021','UNDERGRADUATE','BSC-PASS COURSE','BSC',3,6,'CND','MBL','ZOL','SP88',NULL,''),(338,'2020-2021','UNDERGRADUATE','BSC-PASS COURSE','BSC',3,6,'BOT','ENV','PHE','SP89',NULL,''),(339,'2020-2021','UNDERGRADUATE','BFA','BVA',4,8,'VAA','','','VA02',NULL,''),(340,'2020-2021','UNDERGRADUATE','BFA','BVA',4,8,'VAP','','','VA03',NULL,''),(341,'2020-2021','UNDERGRADUATE','BFA','BVA',4,8,'VAS','','','VA04',NULL,''),(342,'2020-2021','POSTGRADUATE','MBA (SEMESTER SCHEME)','MBA-SEM',2,4,'MBB','','','MBB01',NULL,''),(343,'2020-2021','POSTGRADUATE','MBA (SEMESTER SCHEME)','MBA-SEM',2,4,'MIV','','','MIV01',NULL,''),(344,'2020-2021','PG Diploma','PG Diploma','PG Diploma',1,2,'Digital Marketing','','','PDM01',NULL,''),(345,'2020-2021','MPHIL_PHD','PH D(FACULTY OF ARTS AND SOCIAL SCIENCE)','PHD(FASS)',1,1,'POL','','','MP108',NULL,'add'),(346,'2020-2021','MPHIL_PHD','PH D(FACULTY OF ARTS AND SOCIAL SCIENCE)','PHD(FASS)',1,1,'POL','','','DP108',NULL,'add'),(347,'2020-2021','MPHIL_PHD','PH D(FACULTY OF COMMERCE AND MANAGEMENT)','PHD(FCM)',1,1,'GMG','','','DP303',NULL,'remove'),(348,'2020-2021','MPHIL_PHD','PH D(FACULTY OF COMMERCE AND MANAGEMENT)','PHD(FCM)',1,1,'FSG','','','DP304',NULL,'remove'),(349,'2020-2021','MPHIL_PHD','PH D(FACULTY OF COMMERCE AND MANAGEMENT)','PHD(FCM)',1,1,'HRG','','','DP305',NULL,'remove'),(350,'2020-2021','MPHIL_PHD','M PHIL(FACULTY OF COMMERCE AND MANAGEMENT)','MPHIL(FCM)',1,1,'GMG','','','MP303',NULL,'remove'),(351,'2020-2021','MPHIL_PHD','M PHIL(FACULTY OF COMMERCE AND MANAGEMENT)','MPHIL(FCM)',1,1,'FSG','','','MP304',NULL,'remove'),(352,'2020-2021','MPHIL_PHD','M PHIL(FACULTY OF COMMERCE AND MANAGEMENT)','MPHIL(FCM)',1,1,'HRG','','','MP305',NULL,'remove'),(353,'2020-2021','UNDERGRADUATE','BSC-PASS COURSE','BSC',3,6,'FST','PSY','ECO','SP59',NULL,'remove'),(354,'2020-2021','UNDERGRADUATE','BA-PASS COURSE','BA',3,6,'NSS','GEO','CAI','AP159',NULL,'remove'),(355,'2020-2021','MPHIL_PHD','PH D(FACULTY OF SCIENCE)','PHD(FS)',1,1,'ENV','','','DP210',NULL,'remove'),(356,'2020-2021','MPHIL_PHD','M PHIL(FACULTY OF SCIENCE)','MPHIL(FS)',1,1,'ENV','','','MP210',NULL,'remove');
/*!40000 ALTER TABLE `comb_nr` ENABLE KEYS */;
UNLOCK TABLES;

--
-- Table structure for table `comb_r`
--

DROP TABLE IF EXISTS `comb_r`;
/*!40101 SET @saved_cs_client     = @@character_set_client */;
/*!40101 SET character_set_client = utf8 */;
CREATE TABLE `comb_r` (
  `id` int(11) NOT NULL AUTO_INCREMENT,
  `id_type` tinyint(5) DEFAULT NULL,
  `id_prog` tinyint(9) DEFAULT NULL,
  `id_len_yrs` tinyint(5) DEFAULT NULL,
  `duration_units` tinyint(4) DEFAULT NULL,
  `id_specialisation_1` smallint(16) DEFAULT NULL,
  `temp_spec_1` varchar(36) DEFAULT NULL,
  `id_specialisation_2` smallint(16) DEFAULT NULL,
  `temp_spec_2` varchar(36) DEFAULT NULL,
  `id_specialisation_3` smallint(16) DEFAULT NULL,
  `temp_spec_3` varchar(36) DEFAULT NULL,
  `option_code` varchar(11) DEFAULT NULL,
  `comb_choice` varchar(255) DEFAULT NULL,
  `id_acad_session` tinyint(7) DEFAULT NULL,
  `remark` varchar(21) DEFAULT NULL,
  `id_remark` smallint(11) DEFAULT NULL,
  PRIMARY KEY (`id`),
  KEY `acad_session` (`id_acad_session`),
  KEY `fk_type_prog` (`id_type`),
  KEY `fk_id_prog` (`id_prog`),
  CONSTRAINT `comb_r_ibfk_1` FOREIGN KEY (`id_acad_session`) REFERENCES `master_session_acad` (`id`),
  CONSTRAINT `fk_id_prog` FOREIGN KEY (`id_prog`) REFERENCES `master_prog` (`id`),
  CONSTRAINT `fk_type_prog` FOREIGN KEY (`id_type`) REFERENCES `master_type_prog` (`id`)
) ENGINE=InnoDB AUTO_INCREMENT=357 DEFAULT CHARSET=utf8;
/*!40101 SET character_set_client = @saved_cs_client */;

--
-- Dumping data for table `comb_r`
--

LOCK TABLES `comb_r` WRITE;
/*!40000 ALTER TABLE `comb_r` DISABLE KEYS */;
INSERT INTO `comb_r` VALUES (1,1,1,2,NULL,1,'NA',79,'NA',107,'NA',NULL,NULL,37,NULL,NULL),(2,2,2,3,NULL,2,'PSY',80,'SOC',107,'NA',NULL,NULL,37,NULL,NULL),(3,2,2,3,NULL,2,'PSY',81,'FRN',107,'NA',NULL,NULL,37,NULL,NULL),(4,2,2,3,NULL,2,'PSY',82,'ECO',107,'NA',NULL,NULL,37,NULL,NULL),(5,2,2,3,NULL,2,'PSY',83,'GER',107,'NA',NULL,NULL,37,NULL,NULL),(6,2,2,3,NULL,3,'ECO',84,'MAT',107,'NA',NULL,NULL,37,NULL,NULL),(7,2,2,3,NULL,3,'ECO',85,'PSY',107,'NA',NULL,NULL,37,NULL,NULL),(8,2,2,3,NULL,3,'ECO',86,'STT',107,'NA',NULL,NULL,37,NULL,NULL),(9,2,2,3,NULL,3,'ECO',87,'PAD',107,'NA',NULL,NULL,37,NULL,NULL),(10,2,2,3,NULL,3,'ECO',88,'GEO',107,'NA',NULL,NULL,37,NULL,NULL),(11,2,2,3,NULL,3,'ECO',89,'ABM',107,'NA',NULL,NULL,37,NULL,NULL),(12,2,2,3,NULL,4,'ENG',85,'PSY',107,'NA',NULL,NULL,37,NULL,NULL),(13,2,2,3,NULL,4,'ENG',80,'SOC',107,'NA',NULL,NULL,37,NULL,NULL),(14,2,2,3,NULL,4,'ENG',90,'WMS',107,'NA',NULL,NULL,37,NULL,NULL),(15,2,2,3,NULL,4,'ENG',91,'MTB',107,'NA',NULL,NULL,37,NULL,NULL),(16,2,2,3,NULL,4,'ENG',89,'ABM',107,'NA',NULL,NULL,37,NULL,NULL),(17,2,2,3,NULL,4,'ENG',92,'CAI',107,'NA',NULL,NULL,37,NULL,NULL),(18,2,2,3,NULL,4,'ENG',83,'GER',107,'NA',NULL,NULL,37,NULL,NULL),(19,2,2,3,NULL,4,'ENG',81,'FRN',107,'NA',NULL,NULL,37,NULL,NULL),(20,2,2,3,NULL,5,'POL',87,'PAD',107,'NA',NULL,NULL,37,NULL,NULL),(21,2,2,3,NULL,5,'POL',93,'ENG',107,'NA',NULL,NULL,37,NULL,NULL),(22,2,2,3,NULL,5,'POL',88,'GEO',107,'NA',NULL,NULL,37,NULL,NULL),(23,2,2,3,NULL,5,'POL',94,'HIS',107,'NA',NULL,NULL,37,NULL,NULL),(24,2,3,3,NULL,4,'ENG',85,'PSY',108,'SOC',NULL,NULL,37,NULL,NULL),(25,2,3,3,NULL,4,'ENG',85,'PSY',109,'ECO',NULL,NULL,37,NULL,NULL),(26,2,3,3,NULL,4,'ENG',80,'SOC',110,'GPM',NULL,NULL,37,NULL,NULL),(27,2,3,3,NULL,6,'HIS',93,'ENG',111,'PSY',NULL,NULL,37,NULL,NULL),(28,2,3,3,NULL,6,'HIS',80,'SOC',111,'PSY',NULL,NULL,37,NULL,NULL),(29,2,3,3,NULL,6,'HIS',82,'ECO',111,'PSY',NULL,NULL,37,NULL,NULL),(30,2,3,3,NULL,6,'HIS',80,'SOC',112,'PAD',NULL,NULL,37,NULL,NULL),(31,2,3,3,NULL,6,'HIS',82,'ECO',112,'PAD',NULL,NULL,37,NULL,NULL),(32,2,3,3,NULL,7,'GEO',86,'STT',109,'ECO',NULL,NULL,37,NULL,NULL),(33,2,3,3,NULL,5,'POL',95,'PHE',108,'SOC',NULL,NULL,37,NULL,NULL),(34,2,3,3,NULL,5,'POL',95,'PHE',109,'ECO',NULL,NULL,37,NULL,NULL),(35,2,3,3,NULL,5,'POL',93,'ENG',113,'PHE',NULL,NULL,37,NULL,NULL),(36,2,3,3,NULL,4,'ENG',81,'FRN',114,'CAI',NULL,NULL,37,NULL,NULL),(37,2,3,3,NULL,8,'ABM',80,'SOC',115,'HIS',NULL,NULL,37,NULL,NULL),(38,2,3,3,NULL,3,'ECO',93,'ENG',110,'GPM',NULL,NULL,37,NULL,NULL),(39,2,3,3,NULL,4,'ENG',80,'SOC',115,'HIS',NULL,NULL,37,NULL,NULL),(40,2,3,3,NULL,5,'POL',94,'HIS',116,'ENG',NULL,NULL,37,NULL,NULL),(41,2,3,3,NULL,9,'TJD',82,'ECO',115,'HIS',NULL,NULL,37,NULL,NULL),(42,2,3,3,NULL,9,'TJD',93,'ENG',115,'HIS',NULL,NULL,37,NULL,NULL),(43,2,3,3,NULL,4,'ENG',81,'FRN',115,'HIS',NULL,NULL,37,NULL,NULL),(44,2,3,3,NULL,7,'GEO',94,'HIS',108,'SOC',NULL,NULL,37,NULL,NULL),(45,2,3,3,NULL,7,'GEO',85,'PSY',115,'HIS',NULL,NULL,37,NULL,NULL),(46,2,3,3,NULL,8,'ABM',93,'ENG',115,'HIS',NULL,NULL,37,NULL,NULL),(47,2,3,3,NULL,10,'GPM',80,'SOC',115,'HIS',NULL,NULL,37,NULL,NULL),(48,2,3,3,NULL,3,'ECO',87,'PAD',110,'GPM',NULL,NULL,37,NULL,NULL),(49,2,3,3,NULL,10,'GPM',88,'GEO',115,'HIS',NULL,NULL,37,NULL,NULL),(50,2,3,3,NULL,10,'GPM',82,'ECO',115,'HIS',NULL,NULL,37,NULL,NULL),(51,2,3,3,NULL,10,'GPM',93,'ENG',108,'SOC',NULL,NULL,37,NULL,NULL),(52,2,3,3,NULL,10,'GPM',95,'PHE',116,'ENG',NULL,NULL,37,NULL,NULL),(53,2,3,3,NULL,10,'GPM',92,'CAI',108,'SOC',NULL,NULL,37,NULL,NULL),(54,2,3,3,NULL,10,'GPM',92,'CAI',109,'ECO',NULL,NULL,37,NULL,NULL),(55,2,3,3,NULL,7,'GEO',80,'SOC',117,'POL',NULL,NULL,37,NULL,NULL),(56,2,3,3,NULL,11,'PHE',96,'TJD',116,'ENG',NULL,NULL,37,NULL,NULL),(57,2,3,3,NULL,3,'ECO',93,'ENG',115,'HIS',NULL,NULL,37,NULL,NULL),(58,2,3,3,NULL,6,'HIS',88,'GEO',109,'ECO',NULL,NULL,37,NULL,NULL),(59,2,3,3,NULL,9,'TJD',93,'ENG',118,'GER',NULL,NULL,37,NULL,NULL),(60,2,3,3,NULL,6,'HIS',97,'FTM',109,'ECO',NULL,NULL,37,NULL,NULL),(61,2,3,3,NULL,4,'ENG',98,'POL',108,'SOC',NULL,NULL,37,NULL,NULL),(62,2,3,3,NULL,12,'NSS',95,'PHE',116,'ENG',NULL,NULL,37,NULL,NULL),(63,2,3,3,NULL,12,'NSS',92,'CAI',119,'GEO',NULL,NULL,37,NULL,NULL),(64,2,3,3,NULL,12,'NSS',95,'PHE',112,'PAD',NULL,NULL,37,NULL,NULL),(65,2,3,3,NULL,12,'NSS',88,'GEO',114,'CAI',NULL,NULL,37,NULL,NULL),(66,2,3,3,NULL,3,'ECO',85,'PSY',112,'PAD',NULL,NULL,37,NULL,NULL),(67,2,3,3,NULL,3,'ECO',93,'ENG',117,'POL',NULL,NULL,37,NULL,NULL),(68,2,3,3,NULL,13,'WMS',87,'PAD',120,'PHY',NULL,NULL,37,NULL,NULL),(69,2,3,3,NULL,8,'ABM',88,'GEO',109,'ECO',NULL,NULL,37,NULL,NULL),(70,2,3,3,NULL,8,'ABM',88,'GEO',108,'SOC',NULL,NULL,37,NULL,NULL),(71,2,3,3,NULL,8,'ABM',94,'HIS',109,'ECO',NULL,NULL,37,NULL,NULL),(72,2,3,3,NULL,3,'ECO',93,'ENG',121,'FTM',NULL,NULL,37,NULL,NULL),(73,2,3,3,NULL,14,'SOC',93,'ENG',121,'FTM',NULL,NULL,37,NULL,NULL),(74,2,3,3,NULL,14,'SOC',87,'PAD',121,'FTM',NULL,NULL,37,NULL,NULL),(75,2,3,3,NULL,15,'PAD',81,'FRN',121,'FTM',NULL,NULL,37,NULL,NULL),(76,2,3,3,NULL,3,'ECO',94,'HIS',117,'POL',NULL,NULL,37,NULL,NULL),(77,2,3,3,NULL,3,'ECO',87,'PAD',117,'POL',NULL,NULL,37,NULL,NULL),(78,2,3,3,NULL,3,'ECO',99,'GPM',114,'CAI',NULL,NULL,37,NULL,NULL),(79,2,3,3,NULL,5,'POL',87,'PAD',115,'HIS',NULL,NULL,37,NULL,NULL),(80,2,3,3,NULL,5,'POL',94,'HIS',108,'SOC',NULL,NULL,37,NULL,NULL),(81,2,3,3,NULL,5,'POL',87,'PAD',108,'SOC',NULL,NULL,37,NULL,NULL),(82,2,3,3,NULL,15,'PAD',94,'HIS',111,'PSY',NULL,NULL,37,NULL,NULL),(83,2,3,3,NULL,4,'ENG',81,'FRN',111,'PSY',NULL,NULL,37,NULL,NULL),(84,2,3,3,NULL,4,'ENG',83,'GER',111,'PSY',NULL,NULL,37,NULL,NULL),(85,2,3,3,NULL,4,'ENG',81,'FRN',110,'GPM',NULL,NULL,37,NULL,NULL),(86,2,3,3,NULL,4,'ENG',83,'GER',110,'GPM',NULL,NULL,37,NULL,NULL),(87,2,3,3,NULL,16,'CAI',81,'FRN',122,'MAT',NULL,NULL,37,NULL,NULL),(88,2,3,3,NULL,16,'CAI',83,'GER',122,'MAT',NULL,NULL,37,NULL,NULL),(89,2,3,3,NULL,2,'PSY',81,'FRN',114,'CAI',NULL,NULL,37,NULL,NULL),(90,2,3,3,NULL,2,'PSY',83,'GER',114,'CAI',NULL,NULL,37,NULL,NULL),(91,2,3,3,NULL,16,'CAI',93,'ENG',110,'GPM',NULL,NULL,37,NULL,NULL),(92,2,3,3,NULL,16,'CAI',82,'ECO',122,'MAT',NULL,NULL,37,NULL,NULL),(93,2,3,3,NULL,17,'MTB',94,'HIS',109,'ECO',NULL,NULL,37,NULL,NULL),(94,2,3,3,NULL,17,'MTB',93,'ENG',123,'FRN',NULL,NULL,37,NULL,NULL),(95,2,3,3,NULL,17,'MTB',93,'ENG',118,'GER',NULL,NULL,37,NULL,NULL),(96,2,3,3,NULL,17,'MTB',88,'GEO',123,'FRN',NULL,NULL,37,NULL,NULL),(97,2,3,3,NULL,17,'MTB',88,'GEO',118,'GER',NULL,NULL,37,NULL,NULL),(98,2,3,3,NULL,17,'MTB',82,'ECO',116,'ENG',NULL,NULL,37,NULL,NULL),(99,2,3,3,NULL,17,'MTB',94,'HIS',123,'FRN',NULL,NULL,37,NULL,NULL),(100,2,3,3,NULL,17,'MTB',94,'HIS',118,'GER',NULL,NULL,37,NULL,NULL),(101,2,3,3,NULL,18,'FTM',93,'ENG',123,'FRN',NULL,NULL,37,NULL,NULL),(102,2,3,3,NULL,18,'FTM',93,'ENG',118,'GER',NULL,NULL,37,NULL,NULL),(103,2,3,3,NULL,18,'FTM',88,'GEO',109,'ECO',NULL,NULL,37,NULL,NULL),(104,2,3,3,NULL,7,'GEO',85,'PSY',108,'SOC',NULL,NULL,37,NULL,NULL),(105,2,3,3,NULL,7,'GEO',85,'PSY',109,'ECO',NULL,NULL,37,NULL,NULL),(106,2,3,3,NULL,7,'GEO',94,'HIS',117,'POL',NULL,NULL,37,NULL,NULL),(107,2,3,3,NULL,19,'STT',82,'ECO',114,'CAI',NULL,NULL,37,NULL,NULL),(108,2,3,3,NULL,19,'STT',82,'ECO',122,'MAT',NULL,NULL,37,NULL,NULL),(109,2,3,3,NULL,2,'PSY',95,'PHE',108,'SOC',NULL,NULL,37,NULL,NULL),(110,2,3,3,NULL,8,'ABM',93,'ENG',109,'ECO',NULL,NULL,37,NULL,NULL),(111,2,3,3,NULL,8,'ABM',87,'PAD',123,'FRN',NULL,NULL,37,NULL,NULL),(112,2,3,3,NULL,8,'ABM',87,'PAD',118,'GER',NULL,NULL,37,NULL,NULL),(113,2,3,3,NULL,2,'PSY',93,'ENG',113,'PHE',NULL,NULL,37,NULL,NULL),(114,2,3,3,NULL,3,'ECO',93,'ENG',113,'PHE',NULL,NULL,37,NULL,NULL),(115,2,3,3,NULL,15,'PAD',85,'PSY',113,'PHE',NULL,NULL,37,NULL,NULL),(116,2,3,3,NULL,7,'GEO',80,'SOC',113,'PHE',NULL,NULL,37,NULL,NULL),(117,2,3,3,NULL,15,'PAD',80,'SOC',113,'PHE',NULL,NULL,37,NULL,NULL),(118,2,3,3,NULL,16,'CAI',93,'ENG',113,'PHE',NULL,NULL,37,NULL,NULL),(119,2,3,3,NULL,20,'FRN',85,'PSY',113,'PHE',NULL,NULL,37,NULL,NULL),(120,2,3,3,NULL,8,'ABM',93,'ENG',108,'SOC',NULL,NULL,37,NULL,NULL),(121,2,3,3,NULL,9,'TJD',94,'HIS',123,'FRN',NULL,NULL,37,NULL,NULL),(122,2,3,3,NULL,9,'TJD',94,'HIS',118,'GER',NULL,NULL,37,NULL,NULL),(123,2,3,3,NULL,9,'TJD',93,'ENG',109,'ECO',NULL,NULL,37,NULL,NULL),(124,2,3,3,NULL,9,'TJD',88,'GEO',109,'ECO',NULL,NULL,37,NULL,NULL),(125,2,3,3,NULL,13,'WMS',93,'ENG',108,'SOC',NULL,NULL,37,NULL,NULL),(126,2,3,3,NULL,13,'WMS',94,'HIS',108,'SOC',NULL,NULL,37,NULL,NULL),(127,2,3,3,NULL,13,'WMS',93,'ENG',109,'ECO',NULL,NULL,37,NULL,NULL),(128,2,3,3,NULL,13,'WMS',92,'CAI',119,'GEO',NULL,NULL,37,NULL,NULL),(129,2,3,3,NULL,6,'HIS',80,'SOC',116,'ENG',NULL,NULL,37,NULL,NULL),(130,2,4,4,NULL,3,'ECO',93,'ENG',115,'HIS',NULL,NULL,37,NULL,NULL),(131,2,4,4,NULL,4,'ENG',94,'HIS',117,'POL',NULL,NULL,37,NULL,NULL),(132,2,4,4,NULL,3,'ECO',93,'ENG',117,'POL',NULL,NULL,37,NULL,NULL),(133,2,4,4,NULL,4,'ENG',98,'POL',108,'SOC',NULL,NULL,37,NULL,NULL),(134,2,4,4,NULL,4,'ENG',80,'SOC',115,'HIS',NULL,NULL,37,NULL,NULL),(135,2,4,4,NULL,2,'PSY',88,'GEO',115,'HIS',NULL,NULL,37,NULL,NULL),(136,2,4,4,NULL,2,'PSY',93,'ENG',108,'SOC',NULL,NULL,37,NULL,NULL),(137,2,4,4,NULL,2,'PSY',88,'GEO',109,'ECO',NULL,NULL,37,NULL,NULL),(138,2,5,3,NULL,21,'BBA',79,'NA',107,'NA',NULL,NULL,37,NULL,NULL),(139,2,6,3,NULL,22,'BCA',79,'NA',107,'NA',NULL,NULL,37,NULL,NULL),(140,2,7,3,NULL,23,'FSD',79,'NA',107,'NA',NULL,NULL,37,NULL,NULL),(141,2,8,3,NULL,24,'JWT',79,'NA',107,'NA',NULL,NULL,37,NULL,NULL),(142,2,9,3,NULL,25,'BMA',79,'NA',107,'NA',NULL,NULL,37,NULL,NULL),(143,2,10,3,NULL,26,'BCP',79,'NA',107,'NA',NULL,NULL,37,NULL,NULL),(144,2,10,3,NULL,27,'BCS',79,'NA',107,'NA',NULL,NULL,37,NULL,NULL),(145,2,11,3,NULL,28,'AAF',79,'NA',107,'NA',NULL,NULL,37,NULL,NULL),(146,2,12,4,NULL,29,'CHY',100,'PHY',122,'MAT',NULL,NULL,37,NULL,NULL),(147,2,12,4,NULL,29,'CHY',101,'BOT',124,'ZOL',NULL,NULL,37,NULL,NULL),(148,2,13,3,NULL,30,'ATG',79,'NA',107,'NA',NULL,NULL,37,NULL,NULL),(149,2,13,3,NULL,31,'BSG',79,'NA',107,'NA',NULL,NULL,37,NULL,NULL),(150,2,13,3,NULL,32,'FSG',79,'NA',107,'NA',NULL,NULL,37,NULL,NULL),(151,2,13,3,NULL,33,'BSR',79,'NA',107,'NA',NULL,NULL,37,NULL,NULL),(152,2,13,3,NULL,34,'HRG',79,'NA',107,'NA',NULL,NULL,37,NULL,NULL),(153,2,13,3,NULL,35,'IBG',79,'NA',107,'NA',NULL,NULL,37,NULL,NULL),(154,2,13,3,NULL,36,'FMG',79,'NA',107,'NA',NULL,NULL,37,NULL,NULL),(155,2,14,3,NULL,37,'ABF',79,'NA',107,'NA',NULL,NULL,37,NULL,NULL),(156,2,14,3,NULL,16,'CAI',79,'NA',107,'NA',NULL,NULL,37,NULL,NULL),(157,2,14,3,NULL,17,'MTB',79,'NA',107,'NA',NULL,NULL,37,NULL,NULL),(158,2,14,3,NULL,8,'ABM',79,'NA',107,'NA',NULL,NULL,37,NULL,NULL),(159,2,14,3,NULL,18,'FTM',79,'NA',107,'NA',NULL,NULL,37,NULL,NULL),(160,2,14,3,NULL,10,'GPM',79,'NA',107,'NA',NULL,NULL,37,NULL,NULL),(161,2,14,3,NULL,9,'TJD',79,'NA',107,'NA',NULL,NULL,37,NULL,NULL),(162,2,14,3,NULL,11,'PHE',79,'NA',107,'NA',NULL,NULL,37,NULL,NULL),(163,3,15,1,NULL,4,'ENG',79,'NA',107,'NA',NULL,NULL,37,NULL,NULL),(164,3,15,1,NULL,38,'JMC',79,'NA',107,'NA',NULL,NULL,37,NULL,NULL),(165,3,15,1,NULL,3,'ECO',79,'NA',107,'NA',NULL,NULL,37,NULL,NULL),(166,3,15,1,NULL,14,'SOC',79,'NA',107,'NA',NULL,NULL,37,NULL,NULL),(167,3,15,1,NULL,39,'VAF',79,'NA',107,'NA',NULL,NULL,37,NULL,NULL),(168,3,15,1,NULL,40,'FTT',79,'NA',107,'NA',NULL,NULL,37,NULL,NULL),(169,3,15,1,NULL,7,'GEO',79,'NA',107,'NA',NULL,NULL,37,NULL,NULL),(170,3,15,1,NULL,41,'MAT',79,'NA',107,'NA',NULL,NULL,37,NULL,NULL),(171,3,15,1,NULL,2,'PSY',79,'NA',107,'NA',NULL,NULL,37,NULL,NULL),(172,3,16,1,NULL,42,'LSC',79,'NA',107,'NA',NULL,NULL,37,NULL,NULL),(173,3,16,1,NULL,29,'CHY',79,'NA',107,'NA',NULL,NULL,37,NULL,NULL),(174,3,16,1,NULL,43,'CSC',79,'NA',107,'NA',NULL,NULL,37,NULL,NULL),(175,3,16,1,NULL,40,'FTT',79,'NA',107,'NA',NULL,NULL,37,NULL,NULL),(176,3,16,1,NULL,44,'HSC',79,'NA',107,'NA',NULL,NULL,37,NULL,NULL),(177,3,16,1,NULL,41,'MAT',79,'NA',107,'NA',NULL,NULL,37,NULL,NULL),(178,3,16,1,NULL,7,'GEO',79,'NA',107,'NA',NULL,NULL,37,NULL,NULL),(179,3,16,1,NULL,45,'PHY',79,'NA',107,'NA',NULL,NULL,37,NULL,NULL),(180,3,16,1,NULL,2,'PSY',79,'NA',107,'NA',NULL,NULL,37,NULL,NULL),(181,3,16,1,NULL,46,'ENV',79,'NA',107,'NA',NULL,NULL,37,NULL,NULL),(182,3,17,1,NULL,30,'ATG',79,'NA',107,'NA',NULL,NULL,37,NULL,NULL),(183,3,17,1,NULL,47,'MMG',79,'NA',107,'NA',NULL,NULL,37,NULL,NULL),(184,3,17,1,NULL,48,'GMG',79,'NA',107,'NA',NULL,NULL,37,NULL,NULL),(185,3,17,1,NULL,32,'FSG',79,'NA',107,'NA',NULL,NULL,37,NULL,NULL),(186,3,17,1,NULL,34,'HRG',79,'NA',107,'NA',NULL,NULL,37,NULL,NULL),(187,2,18,3,NULL,44,'HSC',79,'NA',107,'NA',NULL,NULL,37,NULL,NULL),(188,2,19,3,NULL,38,'JMC',79,'NA',107,'NA',NULL,NULL,37,NULL,NULL),(189,1,20,2,NULL,4,'ENG',79,'NA',107,'NA',NULL,NULL,37,NULL,NULL),(190,1,20,2,NULL,6,'HIS',79,'NA',107,'NA',NULL,NULL,37,NULL,NULL),(191,1,20,2,NULL,3,'ECO',79,'NA',107,'NA',NULL,NULL,37,NULL,NULL),(192,1,20,2,NULL,2,'PSY',79,'NA',107,'NA',NULL,NULL,37,NULL,NULL),(193,1,20,2,NULL,20,'FRN',79,'NA',107,'NA',NULL,NULL,37,NULL,NULL),(194,1,20,2,NULL,14,'SOC',79,'NA',107,'NA',NULL,NULL,37,NULL,NULL),(195,1,20,2,NULL,7,'GEO',79,'NA',107,'NA',NULL,NULL,37,NULL,NULL),(196,1,20,2,NULL,41,'MAT',79,'NA',107,'NA',NULL,NULL,37,NULL,NULL),(197,1,20,2,NULL,5,'POL',79,'NA',107,'NA',NULL,NULL,37,NULL,NULL),(198,1,20,2,NULL,19,'STT',79,'NA',107,'NA',NULL,NULL,37,NULL,NULL),(199,1,20,2,NULL,49,'MIR',79,'NA',107,'NA',NULL,NULL,37,NULL,NULL),(200,1,20,2,NULL,15,'PAD',79,'NA',107,'NA',NULL,NULL,37,NULL,NULL),(201,1,21,2,NULL,50,'MAM',79,'NA',107,'NA',NULL,NULL,37,NULL,NULL),(202,1,22,2,NULL,30,'ATG',79,'NA',107,'NA',NULL,NULL,37,NULL,NULL),(203,1,22,2,NULL,31,'BSG',79,'NA',107,'NA',NULL,NULL,37,NULL,NULL),(204,1,22,2,NULL,32,'FSG',79,'NA',107,'NA',NULL,NULL,37,NULL,NULL),(205,1,23,2,NULL,51,'VAP',79,'NA',107,'NA',NULL,NULL,37,NULL,NULL),(206,1,24,2,NULL,23,'FSD',79,'NA',107,'NA',NULL,NULL,37,NULL,NULL),(207,1,23,2,NULL,52,'VAA(G)',79,'NA',107,'NA',NULL,NULL,37,NULL,NULL),(208,1,23,2,NULL,53,'VAA(I)',79,'NA',107,'NA',NULL,NULL,37,NULL,NULL),(209,1,23,2,NULL,54,'VAS(P)',79,'NA',107,'NA',NULL,NULL,37,NULL,NULL),(210,1,23,2,NULL,55,'VAS(C)',79,'NA',107,'NA',NULL,NULL,37,NULL,NULL),(211,1,23,2,NULL,56,'VHA',79,'NA',107,'NA',NULL,NULL,37,NULL,NULL),(212,1,25,2,NULL,23,'FSD',79,'NA',107,'NA',NULL,NULL,37,NULL,NULL),(213,1,21,2,NULL,57,'MFM',79,'NA',107,'NA',NULL,NULL,37,NULL,NULL),(214,1,26,2,NULL,23,'FSD',79,'NA',107,'NA',NULL,NULL,37,NULL,NULL),(215,1,27,2,NULL,58,'HFN',79,'NA',107,'NA',NULL,NULL,37,NULL,NULL),(216,1,27,2,NULL,59,'HHD',79,'NA',107,'NA',NULL,NULL,37,NULL,NULL),(217,1,27,2,NULL,60,'HCT',79,'NA',107,'NA',NULL,NULL,37,NULL,NULL),(218,1,21,2,NULL,61,'MHR',79,'NA',107,'NA',NULL,NULL,37,NULL,NULL),(219,1,21,2,NULL,62,'MIB',79,'NA',107,'NA',NULL,NULL,37,NULL,NULL),(220,1,28,2,NULL,38,'JMC',79,'NA',107,'NA',NULL,NULL,37,NULL,NULL),(221,3,29,1,NULL,4,'ENG',79,'NA',107,'NA',NULL,NULL,37,NULL,NULL),(222,3,29,1,NULL,38,'JMC',79,'NA',107,'NA',NULL,NULL,37,NULL,NULL),(223,3,29,1,NULL,3,'ECO',79,'NA',107,'NA',NULL,NULL,37,NULL,NULL),(224,3,29,1,NULL,14,'SOC',79,'NA',107,'NA',NULL,NULL,37,NULL,NULL),(225,3,29,1,NULL,39,'VAF',79,'NA',107,'NA',NULL,NULL,37,NULL,NULL),(226,3,29,1,NULL,40,'FTT',79,'NA',107,'NA',NULL,NULL,37,NULL,NULL),(227,3,29,1,NULL,7,'GEO',79,'NA',107,'NA',NULL,NULL,37,NULL,NULL),(228,3,29,1,NULL,41,'MAT',79,'NA',107,'NA',NULL,NULL,37,NULL,NULL),(229,3,29,1,NULL,2,'PSY',79,'NA',107,'NA',NULL,NULL,37,NULL,NULL),(230,3,30,1,NULL,42,'LSC',79,'NA',107,'NA',NULL,NULL,37,NULL,NULL),(231,3,30,1,NULL,29,'CHY',79,'NA',107,'NA',NULL,NULL,37,NULL,NULL),(232,3,30,1,NULL,43,'CSC',79,'NA',107,'NA',NULL,NULL,37,NULL,NULL),(233,3,30,1,NULL,40,'FTT',79,'NA',107,'NA',NULL,NULL,37,NULL,NULL),(234,3,30,1,NULL,44,'HSC',79,'NA',107,'NA',NULL,NULL,37,NULL,NULL),(235,3,30,1,NULL,41,'MAT',79,'NA',107,'NA',NULL,NULL,37,NULL,NULL),(236,3,30,1,NULL,7,'GEO',79,'NA',107,'NA',NULL,NULL,37,NULL,NULL),(237,3,30,1,NULL,45,'PHY',79,'NA',107,'NA',NULL,NULL,37,NULL,NULL),(238,3,30,1,NULL,2,'PSY',79,'NA',107,'NA',NULL,NULL,37,NULL,NULL),(239,3,30,1,NULL,46,'ENV',79,'NA',107,'NA',NULL,NULL,37,NULL,NULL),(240,3,31,1,NULL,30,'ATG',79,'NA',107,'NA',NULL,NULL,37,NULL,NULL),(241,3,31,1,NULL,47,'MMG',79,'NA',107,'NA',NULL,NULL,37,NULL,NULL),(242,3,31,1,NULL,48,'GMG',79,'NA',107,'NA',NULL,NULL,37,NULL,NULL),(243,3,31,1,NULL,32,'FSG',79,'NA',107,'NA',NULL,NULL,37,NULL,NULL),(244,3,31,1,NULL,34,'HRG',79,'NA',107,'NA',NULL,NULL,37,NULL,NULL),(245,1,21,2,NULL,63,'MRM',79,'NA',107,'NA',NULL,NULL,37,NULL,NULL),(246,1,32,2,NULL,64,'ZOL',79,'NA',107,'NA',NULL,NULL,37,NULL,NULL),(247,1,32,2,NULL,29,'CHY',79,'NA',107,'NA',NULL,NULL,37,NULL,NULL),(248,1,32,2,NULL,65,'MBL',79,'NA',107,'NA',NULL,NULL,37,NULL,NULL),(249,1,32,2,NULL,66,'BTE',79,'NA',107,'NA',NULL,NULL,37,NULL,NULL),(250,1,32,2,NULL,67,'BOT',79,'NA',107,'NA',NULL,NULL,37,NULL,NULL),(251,1,32,2,NULL,2,'PSY',79,'NA',107,'NA',NULL,NULL,37,NULL,NULL),(252,1,32,2,NULL,46,'ENV',79,'NA',107,'NA',NULL,NULL,37,NULL,NULL),(253,1,32,2,NULL,68,'MIT',79,'NA',107,'NA',NULL,NULL,37,NULL,NULL),(254,1,32,2,NULL,7,'GEO',79,'NA',107,'NA',NULL,NULL,37,NULL,NULL),(255,1,32,2,NULL,41,'MAT',79,'NA',107,'NA',NULL,NULL,37,NULL,NULL),(256,1,32,2,NULL,45,'PHY',79,'NA',107,'NA',NULL,NULL,37,NULL,NULL),(257,1,32,2,NULL,3,'ECO',79,'NA',107,'NA',NULL,NULL,37,NULL,NULL),(258,1,32,2,NULL,19,'STT',79,'NA',107,'NA',NULL,NULL,37,NULL,NULL),(259,1,21,2,NULL,69,'MTM',79,'NA',107,'NA',NULL,NULL,37,NULL,NULL),(260,1,33,2,NULL,70,'MSW',79,'NA',107,'NA',NULL,NULL,37,NULL,NULL),(261,2,34,3,NULL,2,'PSY',82,'ECO',107,'NA',NULL,NULL,37,NULL,NULL),(262,2,34,3,NULL,3,'ECO',84,'MAT',107,'NA',NULL,NULL,37,NULL,NULL),(263,2,34,3,NULL,3,'ECO',86,'STT',107,'NA',NULL,NULL,37,NULL,NULL),(264,2,34,3,NULL,3,'ECO',85,'PSY',107,'NA',NULL,NULL,37,NULL,NULL),(265,2,34,3,NULL,3,'ECO',88,'GEO',107,'NA',NULL,NULL,37,NULL,NULL),(266,2,34,3,NULL,29,'CHY',84,'MAT',107,'NA',NULL,NULL,37,NULL,NULL),(267,2,34,3,NULL,29,'CHY',102,'ZOL',107,'NA',NULL,NULL,37,NULL,NULL),(268,2,34,3,NULL,29,'CHY',103,'ENV',107,'NA',NULL,NULL,37,NULL,NULL),(269,2,34,3,NULL,64,'ZOL',101,'BOT',107,'NA',NULL,NULL,37,NULL,NULL),(270,2,34,3,NULL,64,'ZOL',104,'CHY',107,'NA',NULL,NULL,37,NULL,NULL),(271,2,34,3,NULL,45,'PHY',84,'MAT',107,'NA',NULL,NULL,37,NULL,NULL),(272,2,35,3,NULL,29,'CHY',100,'PHY',122,'MAT',NULL,NULL,37,NULL,NULL),(273,2,35,3,NULL,29,'CHY',101,'BOT',124,'ZOL',NULL,NULL,37,NULL,NULL),(274,2,35,3,NULL,29,'CHY',82,'ECO',122,'MAT',NULL,NULL,37,NULL,NULL),(275,2,35,3,NULL,29,'CHY',102,'ZOL',125,'BTE',NULL,NULL,37,NULL,NULL),(276,2,35,3,NULL,29,'CHY',101,'BOT',125,'BTE',NULL,NULL,37,NULL,NULL),(277,2,35,3,NULL,66,'BTE',101,'BOT',124,'ZOL',NULL,NULL,37,NULL,NULL),(278,2,35,3,NULL,2,'PSY',101,'BOT',124,'ZOL',NULL,NULL,37,NULL,NULL),(279,2,35,3,NULL,2,'PSY',82,'ECO',122,'MAT',NULL,NULL,37,NULL,NULL),(280,2,35,3,NULL,3,'ECO',92,'CAI',110,'GPM',NULL,NULL,37,NULL,NULL),(281,2,35,3,NULL,7,'GEO',92,'CAI',109,'ECO',NULL,NULL,37,NULL,NULL),(282,2,35,3,NULL,7,'GEO',104,'CHY',109,'ECO',NULL,NULL,37,NULL,NULL),(283,2,35,3,NULL,7,'GEO',85,'PSY',114,'CAI',NULL,NULL,37,NULL,NULL),(284,2,35,3,NULL,7,'GEO',85,'PSY',109,'ECO',NULL,NULL,37,NULL,NULL),(285,2,35,3,NULL,16,'CAI',84,'MAT',120,'PHY',NULL,NULL,37,NULL,NULL),(286,2,35,3,NULL,16,'CAI',101,'BOT',124,'ZOL',NULL,NULL,37,NULL,NULL),(287,2,35,3,NULL,16,'CAI',104,'CHY',126,'BOT',NULL,NULL,37,NULL,NULL),(288,2,35,3,NULL,16,'CAI',104,'CHY',124,'ZOL',NULL,NULL,37,NULL,NULL),(289,2,35,3,NULL,16,'CAI',104,'CHY',122,'MAT',NULL,NULL,37,NULL,NULL),(290,2,35,3,NULL,16,'CAI',82,'ECO',122,'MAT',NULL,NULL,37,NULL,NULL),(291,2,35,3,NULL,16,'CAI',82,'ECO',127,'CHY',NULL,NULL,37,NULL,NULL),(292,2,35,3,NULL,16,'CAI',100,'PHY',127,'CHY',NULL,NULL,37,NULL,NULL),(293,2,35,3,NULL,16,'CAI',84,'MAT',128,'STT',NULL,NULL,37,NULL,NULL),(294,2,35,3,NULL,16,'CAI',82,'ECO',111,'PSY',NULL,NULL,37,NULL,NULL),(295,2,35,3,NULL,16,'CAI',85,'PSY',122,'MAT',NULL,NULL,37,NULL,NULL),(296,2,35,3,NULL,19,'STT',82,'ECO',114,'CAI',NULL,NULL,37,NULL,NULL),(297,2,35,3,NULL,19,'STT',82,'ECO',122,'MAT',NULL,NULL,37,NULL,NULL),(298,2,35,3,NULL,19,'STT',100,'PHY',122,'MAT',NULL,NULL,37,NULL,NULL),(299,2,35,3,NULL,19,'STT',100,'PHY',114,'CAI',NULL,NULL,37,NULL,NULL),(300,2,35,3,NULL,19,'STT',102,'ZOL',114,'CAI',NULL,NULL,37,NULL,NULL),(301,2,35,3,NULL,67,'BOT',102,'ZOL',128,'STT',NULL,NULL,37,NULL,NULL),(302,2,35,3,NULL,19,'STT',102,'ZOL',125,'BTE',NULL,NULL,37,NULL,NULL),(303,2,35,3,NULL,19,'STT',101,'BOT',125,'BTE',NULL,NULL,37,NULL,NULL),(304,2,35,3,NULL,46,'ENV',101,'BOT',125,'BTE',NULL,NULL,37,NULL,NULL),(305,2,35,3,NULL,46,'ENV',104,'CHY',125,'BTE',NULL,NULL,37,NULL,NULL),(306,2,35,3,NULL,46,'ENV',101,'BOT',114,'CAI',NULL,NULL,37,NULL,NULL),(307,2,35,3,NULL,46,'ENV',104,'CHY',114,'CAI',NULL,NULL,37,NULL,NULL),(308,2,35,3,NULL,46,'ENV',101,'BOT',127,'CHY',NULL,NULL,37,NULL,NULL),(309,2,35,3,NULL,65,'MBL',104,'CHY',126,'BOT',NULL,NULL,37,NULL,NULL),(310,2,35,3,NULL,65,'MBL',104,'CHY',124,'ZOL',NULL,NULL,37,NULL,NULL),(311,2,35,3,NULL,65,'MBL',101,'BOT',129,'ENV',NULL,NULL,37,NULL,NULL),(312,2,35,3,NULL,65,'MBL',101,'BOT',124,'ZOL',NULL,NULL,37,NULL,NULL),(313,2,35,3,NULL,71,'CND',105,'BTE',124,'ZOL',NULL,NULL,37,NULL,NULL),(314,2,35,3,NULL,71,'CND',104,'CHY',124,'ZOL',NULL,NULL,37,NULL,NULL),(315,2,35,3,NULL,71,'CND',105,'BTE',127,'CHY',NULL,NULL,37,NULL,NULL),(316,2,35,3,NULL,71,'CND',103,'ENV',127,'CHY',NULL,NULL,37,NULL,NULL),(317,2,35,3,NULL,71,'CND',102,'ZOL',114,'CAI',NULL,NULL,37,NULL,NULL),(318,2,35,3,NULL,72,'FSQ',105,'BTE',124,'ZOL',NULL,NULL,37,NULL,NULL),(319,2,35,3,NULL,72,'FSQ',105,'BTE',129,'ENV',NULL,NULL,37,NULL,NULL),(320,2,35,3,NULL,72,'FSQ',105,'BTE',127,'CHY',NULL,NULL,37,NULL,NULL),(321,2,35,3,NULL,73,'FST',85,'PSY',109,'ECO',NULL,NULL,37,NULL,NULL),(322,2,35,3,NULL,7,'GEO',95,'PHE',109,'ECO',NULL,NULL,37,NULL,NULL),(323,2,35,3,NULL,2,'PSY',95,'PHE',109,'ECO',NULL,NULL,37,NULL,NULL),(324,2,35,3,NULL,19,'STT',95,'PHE',124,'ZOL',NULL,NULL,37,NULL,NULL),(325,2,35,3,NULL,2,'PSY',95,'PHE',124,'ZOL',NULL,NULL,37,NULL,NULL),(326,2,35,3,NULL,7,'GEO',82,'ECO',128,'STT',NULL,NULL,37,NULL,NULL),(327,2,35,3,NULL,46,'ENV',105,'BTE',130,'CND',NULL,NULL,37,NULL,NULL),(328,2,35,3,NULL,10,'GPM',88,'GEO',109,'ECO',NULL,NULL,37,NULL,NULL),(329,2,35,3,NULL,7,'GEO',92,'CAI',110,'GPM',NULL,NULL,37,NULL,NULL),(330,2,35,3,NULL,2,'PSY',101,'BOT',129,'ENV',NULL,NULL,37,NULL,NULL),(331,2,35,3,NULL,16,'CAI',85,'PSY',122,'MAT',NULL,NULL,37,NULL,NULL),(332,2,35,3,NULL,12,'NSS',88,'GEO',129,'ENV',NULL,NULL,37,NULL,NULL),(333,2,35,3,NULL,12,'NSS',92,'CAI',129,'ENV',NULL,NULL,37,NULL,NULL),(334,2,35,3,NULL,12,'NSS',101,'BOT',129,'ENV',NULL,NULL,37,NULL,NULL),(335,2,35,3,NULL,19,'STT',105,'BTE',129,'ENV',NULL,NULL,37,NULL,NULL),(336,2,35,3,NULL,72,'FSQ',106,'MBL',124,'ZOL',NULL,NULL,37,NULL,NULL),(337,2,35,3,NULL,71,'CND',106,'MBL',124,'ZOL',NULL,NULL,37,NULL,NULL),(338,2,35,3,NULL,67,'BOT',103,'ENV',113,'PHE',NULL,NULL,37,NULL,NULL),(339,2,36,4,NULL,74,'VAA',79,'NA',107,'NA',NULL,NULL,37,NULL,NULL),(340,2,36,4,NULL,51,'VAP',79,'NA',107,'NA',NULL,NULL,37,NULL,NULL),(341,2,36,4,NULL,75,'VAS',79,'NA',107,'NA',NULL,NULL,37,NULL,NULL),(342,1,21,2,NULL,76,'MBB',79,'NA',107,'NA',NULL,NULL,37,NULL,NULL),(343,1,21,2,NULL,77,'MIV',79,'NA',107,'NA',NULL,NULL,37,NULL,NULL),(344,4,37,1,NULL,78,'Digital Marketing',79,'NA',107,'NA',NULL,NULL,37,NULL,NULL),(345,3,15,1,NULL,5,'POL',79,'NA',107,'NA',NULL,NULL,37,NULL,NULL),(346,3,15,1,NULL,5,'POL',79,'NA',107,'NA',NULL,NULL,37,NULL,NULL),(347,3,17,1,NULL,48,'GMG',79,'NA',107,'NA',NULL,NULL,37,NULL,NULL),(348,3,17,1,NULL,32,'FSG',79,'NA',107,'NA',NULL,NULL,37,NULL,NULL),(349,3,17,1,NULL,34,'HRG',79,'NA',107,'NA',NULL,NULL,37,NULL,NULL),(350,3,31,1,NULL,48,'GMG',79,'NA',107,'NA',NULL,NULL,37,NULL,NULL),(351,3,31,1,NULL,32,'FSG',79,'NA',107,'NA',NULL,NULL,37,NULL,NULL),(352,3,31,1,NULL,34,'HRG',79,'NA',107,'NA',NULL,NULL,37,NULL,NULL),(353,2,35,3,NULL,73,'FST',85,'PSY',109,'ECO',NULL,NULL,37,NULL,NULL),(354,2,3,3,NULL,12,'NSS',88,'GEO',114,'CAI',NULL,NULL,37,NULL,NULL),(355,3,16,1,NULL,46,'ENV',79,'NA',107,'NA',NULL,NULL,37,NULL,NULL),(356,3,30,1,NULL,46,'ENV',79,'NA',107,'NA',NULL,NULL,37,NULL,NULL);
/*!40000 ALTER TABLE `comb_r` ENABLE KEYS */;
UNLOCK TABLES;

--
-- Table structure for table `master_choice_sub`
--

DROP TABLE IF EXISTS `master_choice_sub`;
/*!40101 SET @saved_cs_client     = @@character_set_client */;
/*!40101 SET character_set_client = utf8 */;
CREATE TABLE `master_choice_sub` (
  `id_sub` bigint(32) NOT NULL AUTO_INCREMENT,
  `name` varchar(255) DEFAULT NULL,
  `id_type` tinyint(7) DEFAULT NULL,
  PRIMARY KEY (`id_sub`)
) ENGINE=InnoDB AUTO_INCREMENT=256 DEFAULT CHARSET=utf8mb4;
/*!40101 SET character_set_client = @saved_cs_client */;

--
-- Dumping data for table `master_choice_sub`
--

LOCK TABLES `master_choice_sub` WRITE;
/*!40000 ALTER TABLE `master_choice_sub` DISABLE KEYS */;
INSERT INTO `master_choice_sub` VALUES (1,'NA',1),(2,'PSY',1),(3,'ECO',1),(4,'ENG',1),(5,'POL',1),(6,'HIS',1),(7,'GEO',1),(8,'ABM',1),(9,'TJD',1),(10,'GPM',1),(11,'PHE',1),(12,'NSS',1),(13,'WMS',1),(14,'SOC',1),(15,'PAD',1),(16,'CAI',1),(17,'MTB',1),(18,'FTM',1),(19,'STT',1),(20,'FRN',1),(21,'BBA',1),(22,'BCA',1),(23,'FSD',1),(24,'JWT',1),(25,'BMA',1),(26,'BCP',1),(27,'BCS',1),(28,'AAF',1),(29,'CHY',1),(30,'ATG',1),(31,'BSG',1),(32,'FSG',1),(33,'BSR',1),(34,'HRG',1),(35,'IBG',1),(36,'FMG',1),(37,'ABF',1),(38,'JMC',1),(39,'VAF',1),(40,'FTT',1),(41,'MAT',1),(42,'LSC',1),(43,'CSC',1),(44,'HSC',1),(45,'PHY',1),(46,'ENV',1),(47,'MMG',1),(48,'GMG',1),(49,'MIR',1),(50,'MAM',1),(51,'VAP',1),(52,'VAA(G)',1),(53,'VAA(I)',1),(54,'VAS(P)',1),(55,'VAS(C)',1),(56,'VHA',1),(57,'MFM',1),(58,'HFN',1),(59,'HHD',1),(60,'HCT',1),(61,'MHR',1),(62,'MIB',1),(63,'MRM',1),(64,'ZOL',1),(65,'MBL',1),(66,'BTE',1),(67,'BOT',1),(68,'MIT',1),(69,'MTM',1),(70,'MSW',1),(71,'CND',1),(72,'FSQ',1),(73,'FST',1),(74,'VAA',1),(75,'VAS',1),(76,'MBB',1),(77,'MIV',1),(78,'Digital Marketing',1),(79,'NA',2),(80,'SOC',2),(81,'FRN',2),(82,'ECO',2),(83,'GER',2),(84,'MAT',2),(85,'PSY',2),(86,'STT',2),(87,'PAD',2),(88,'GEO',2),(89,'ABM',2),(90,'WMS',2),(91,'MTB',2),(92,'CAI',2),(93,'ENG',2),(94,'HIS',2),(95,'PHE',2),(96,'TJD',2),(97,'FTM',2),(98,'POL',2),(99,'GPM',2),(100,'PHY',2),(101,'BOT',2),(102,'ZOL',2),(103,'ENV',2),(104,'CHY',2),(105,'BTE',2),(106,'MBL',2),(107,'NA',3),(108,'SOC',3),(109,'ECO',3),(110,'GPM',3),(111,'PSY',3),(112,'PAD',3),(113,'PHE',3),(114,'CAI',3),(115,'HIS',3),(116,'ENG',3),(117,'POL',3),(118,'GER',3),(119,'GEO',3),(120,'PHY',3),(121,'FTM',3),(122,'MAT',3),(123,'FRN',3),(124,'ZOL',3),(125,'BTE',3),(126,'BOT',3),(127,'CHY',3),(128,'STT',3),(129,'ENV',3),(130,'CND',3);
/*!40000 ALTER TABLE `master_choice_sub` ENABLE KEYS */;
UNLOCK TABLES;

--
-- Table structure for table `master_len_yrs`
--

DROP TABLE IF EXISTS `master_len_yrs`;
/*!40101 SET @saved_cs_client     = @@character_set_client */;
/*!40101 SET character_set_client = utf8 */;
CREATE TABLE `master_len_yrs` (
  `id` tinyint(5) NOT NULL,
  `len_no_of_yrs` tinyint(5) DEFAULT NULL
) ENGINE=InnoDB DEFAULT CHARSET=utf8mb4;
/*!40101 SET character_set_client = @saved_cs_client */;

--
-- Dumping data for table `master_len_yrs`
--

LOCK TABLES `master_len_yrs` WRITE;
/*!40000 ALTER TABLE `master_len_yrs` DISABLE KEYS */;
/*!40000 ALTER TABLE `master_len_yrs` ENABLE KEYS */;
UNLOCK TABLES;

--
-- Table structure for table `master_prog`
--

DROP TABLE IF EXISTS `master_prog`;
/*!40101 SET @saved_cs_client     = @@character_set_client */;
/*!40101 SET character_set_client = utf8 */;
CREATE TABLE `master_prog` (
  `id` tinyint(4) NOT NULL AUTO_INCREMENT,
  `name` varchar(71) DEFAULT NULL,
  `code` varchar(21) DEFAULT NULL,
  PRIMARY KEY (`id`)
) ENGINE=InnoDB AUTO_INCREMENT=132 DEFAULT CHARSET=utf8mb4;
/*!40101 SET character_set_client = @saved_cs_client */;

--
-- Dumping data for table `master_prog`
--

LOCK TABLES `master_prog` WRITE;
/*!40000 ALTER TABLE `master_prog` DISABLE KEYS */;
INSERT INTO `master_prog` VALUES (1,'MBA (DUAL-TRIMESTER SCHEME)','MBA'),(2,'BA-HONOURS','BA(H)'),(3,'BA-PASS COURSE','BA'),(4,'BA BED','BA(BED)'),(5,'BBA (CBCS)','BBA'),(6,'BCA (CBCS)','BCA'),(7,
'BSC-FASHION DESIGNING (CBCS)','BSC(FD)'),(8,'BSC-JDT','BJD01'),(9,'BSC-HONOURS (MULTIMEDIA & ANIMATION)','BMA01'),(10,'BCOM(H)-PROFICIENCY','BCOM-P'),(11,'BCOM(H)-PROFICIENCY (AAF)','BCOM-AAF'),(12,'BSC BED','BSC(BED)'),(13,'BCOM-HONOURS','BCOM(H)'),(14,'BCOM-PASS COURSE','BCOM'),(15,'PH D(FACULTY OF ARTS AND SOCIAL SCIENCE)','PHD(FASS)'),(16,'PH D(FACULTY OF SCIENCE)','PHD(FS)'),(17,'PH D(FACULTY OF COMMERCE AND MANAGEMENT)','PHD(FCM)'),(18,'BSC(H)-HOME SCIENCE (CBCS)','HSC'),(19,'BA-JMC (CBCS)','BJMC'),(20,'MA','MA'),(21,'MBA (SEMESTER SCHEME)','MBA-SEM'),(22,'MCOM','MCOM'),(23,'MFA','MVA'),(24,'MA-FASHION DESIGN','MFA01A'),(25,'MCOM-FASHION DESIGN','MFC01A'),(26,'MSC-FASHION DESIGN','MFS01A'),(27,'MSC HSC','MSC(HSC)'),(28,'MA-JMC','MJ01'),(29,'M PHIL(FACULTY OF ARTS AND SOCIAL SCIENCE)','MPHIL(FASS)'),(30,'M PHIL(FACULTY OF SCIENCE)','MPHIL(FS)'),(31,'M PHIL(FACULTY OF COMMERCE AND MANAGEMENT)','MPHIL(FCM)'),(32,'MSC','MSC'),(33,'MSW','MSW'),(34,'BSC-HONOURS','BSC(H)'),(35,'BSC-PASS COURSE','BSC'),(36,'BFA','BVA'),(37,'PG Diploma','PG Diploma');
/*!40000 ALTER TABLE `master_prog` ENABLE KEYS */;
UNLOCK TABLES;

--
-- Table structure for table `master_remark`
--

DROP TABLE IF EXISTS `master_remark`;
/*!40101 SET @saved_cs_client     = @@character_set_client */;
/*!40101 SET character_set_client = utf8 */;
CREATE TABLE `master_remark` (
  `id` smallint(11) NOT NULL AUTO_INCREMENT,
  `remark` varchar(21) DEFAULT NULL,
  PRIMARY KEY (`id`)
) ENGINE=InnoDB AUTO_INCREMENT=8 DEFAULT CHARSET=utf8mb4;
/*!40101 SET character_set_client = @saved_cs_client */;

--
-- Dumping data for table `master_remark`
--

LOCK TABLES `master_remark` WRITE;
/*!40000 ALTER TABLE `master_remark` DISABLE KEYS */;
INSERT INTO `master_remark` VALUES (1,''),(2,'Seats not available'),(3,'add'),(4,'remove');
/*!40000 ALTER TABLE `master_remark` ENABLE KEYS */;
UNLOCK TABLES;

--
-- Table structure for table `master_session_acad`
--

DROP TABLE IF EXISTS `master_session_acad`;
/*!40101 SET @saved_cs_client     = @@character_set_client */;
/*!40101 SET character_set_client = utf8 */;
CREATE TABLE `master_session_acad` (
  `id` tinyint(8) NOT NULL AUTO_INCREMENT,
  `value` varchar(21) DEFAULT NULL,
  PRIMARY KEY (`id`)
) ENGINE=InnoDB AUTO_INCREMENT=41 DEFAULT CHARSET=utf8mb4;
/*!40101 SET character_set_client = @saved_cs_client */;

--
-- Dumping data for table `master_session_acad`
--

LOCK TABLES `master_session_acad` WRITE;
/*!40000 ALTER TABLE `master_session_acad` DISABLE KEYS */;
INSERT INTO `master_session_acad` VALUES (31,'2014-2015'),(32,'2015-2016'),(33,'2016-2017'),(34,'2017-2018'),(35,'2018-2019'),(36,'2019-2020'),(37,'2020-2021'),(38,'2021-2022'),(39,'2022-2023'),(40,'2023-2024');
/*!40000 ALTER TABLE `master_session_acad` ENABLE KEYS */;
UNLOCK TABLES;

--
-- Table structure for table `master_template_prog`
--

DROP TABLE IF EXISTS `master_template_prog`;
/*!40101 SET @saved_cs_client     = @@character_set_client */;
/*!40101 SET character_set_client = utf8 */;
CREATE TABLE `master_template_prog` (
  `id` bigint(32) NOT NULL AUTO_INCREMENT,
  `name` varchar(205) NOT NULL,
  `prog_name` smallint(9) DEFAULT NULL,
  PRIMARY KEY (`id`),
  KEY `degree_id` (`prog_name`)
) ENGINE=InnoDB AUTO_INCREMENT=2004 DEFAULT CHARSET=utf8mb4;
/*!40101 SET character_set_client = @saved_cs_client */;

--
-- Dumping data for table `master_template_prog`
--

LOCK TABLES `master_template_prog` WRITE;
/*!40000 ALTER TABLE `master_template_prog` DISABLE KEYS */;
INSERT INTO `master_template_prog` VALUES (1001,'English Literature, Psychology, Sociology(AP02)',1),(1002,'English Literature, Psychology, Economics(AP03)',1),(1003,'English Literature, Sociology, GEPM(AP05)',1),(2001,'Psychology, Sociology(AH11)',2),(2002,'Psychology, French(AH12)',2),(2003,'Psychology, Economics(AH13)',2);
/*!40000 ALTER TABLE `master_template_prog` ENABLE KEYS */;
UNLOCK TABLES;

--
-- Table structure for table `master_type_prog`
--

DROP TABLE IF EXISTS `master_type_prog`;
/*!40101 SET @saved_cs_client     = @@character_set_client */;
/*!40101 SET character_set_client = utf8 */;
CREATE TABLE `master_type_prog` (
  `id` tinyint(5) NOT NULL,
  `name` varchar(31) DEFAULT NULL,
  `code` varchar(21) DEFAULT NULL,
  PRIMARY KEY (`id`)
) ENGINE=InnoDB DEFAULT CHARSET=utf8mb4;
/*!40101 SET character_set_client = @saved_cs_client */;

--
-- Dumping data for table `master_type_prog`
--

LOCK TABLES `master_type_prog` WRITE;
/*!40000 ALTER TABLE `master_type_prog` DISABLE KEYS */;
INSERT INTO `master_type_prog` VALUES (1,'Postgraduate','PG'),(2,'Undergraduate','UG'),(3,'MPhil PhD','MPhil PhD'),(4,'PG Diploma','PG Diploma');
/*!40000 ALTER TABLE `master_type_prog` ENABLE KEYS */;
UNLOCK TABLES;

--
-- Table structure for table `master_type_sub`
--

DROP TABLE IF EXISTS `master_type_sub`;
/*!40101 SET @saved_cs_client     = @@character_set_client */;
/*!40101 SET character_set_client = utf8 */;
CREATE TABLE `master_type_sub` (
  `id` tinyint(8) NOT NULL AUTO_INCREMENT,
  `name` varchar(71) DEFAULT NULL,
  PRIMARY KEY (`id`)
) ENGINE=InnoDB AUTO_INCREMENT=4 DEFAULT CHARSET=utf8mb4;
/*!40101 SET character_set_client = @saved_cs_client */;

--
-- Dumping data for table `master_type_sub`
--

LOCK TABLES `master_type_sub` WRITE;
/*!40000 ALTER TABLE `master_type_sub` DISABLE KEYS */;
INSERT INTO `master_type_sub` VALUES (1,'specialsation_1'),(2,'specialsation_2'),(3,'specialsation_3');
/*!40000 ALTER TABLE `master_type_sub` ENABLE KEYS */;
UNLOCK TABLES;

--
-- Table structure for table `struct_lead`
--

DROP TABLE IF EXISTS `struct_lead`;
/*!40101 SET @saved_cs_client     = @@character_set_client */;
/*!40101 SET character_set_client = utf8 */;
CREATE TABLE `struct_lead` (
  `id` int(32) NOT NULL AUTO_INCREMENT,
  `is_form_online` tinyint(4) NOT NULL,
  `username` varchar(171) NOT NULL,
  `password` varchar(31) NOT NULL,
  `email` varchar(91) NOT NULL,
  `photo` blob NOT NULL,
  `mobile` tinyint(8) NOT NULL,
  `form_degree_set` tinyint(7) NOT NULL,
  `form_no` int(32) NOT NULL,
  `reg_no` int(32) NOT NULL,
  `student_name` varchar(171) NOT NULL,
  `program` smallint(15) NOT NULL,
  `aadhar_no` varchar(21) NOT NULL,
  `created` timestamp NOT NULL DEFAULT current_timestamp() ON UPDATE current_timestamp(),
  PRIMARY KEY (`id`)
) ENGINE=InnoDB DEFAULT CHARSET=utf8mb4;
/*!40101 SET character_set_client = @saved_cs_client */;

--
-- Dumping data for table `struct_lead`
--

LOCK TABLES `struct_lead` WRITE;
/*!40000 ALTER TABLE `struct_lead` DISABLE KEYS */;
/*!40000 ALTER TABLE `struct_lead` ENABLE KEYS */;
UNLOCK TABLES;

--
-- Table structure for table `tbl_join_left`
--

DROP TABLE IF EXISTS `tbl_join_left`;
/*!40101 SET @saved_cs_client     = @@character_set_client */;
/*!40101 SET character_set_client = utf8 */;
CREATE TABLE `tbl_join_left` (
  `id` tinyint(2) DEFAULT NULL,
  `alphabet` char(1) DEFAULT NULL
) ENGINE=InnoDB DEFAULT CHARSET=utf8mb4;
/*!40101 SET character_set_client = @saved_cs_client */;

--
-- Dumping data for table `tbl_join_left`
--

LOCK TABLES `tbl_join_left` WRITE;
/*!40000 ALTER TABLE `tbl_join_left` DISABLE KEYS */;
INSERT INTO `tbl_join_left` VALUES (1,'A'),(2,'B'),(3,'C'),(4,'C');
/*!40000 ALTER TABLE `tbl_join_left` ENABLE KEYS */;
UNLOCK TABLES;

--
-- Table structure for table `tbl_join_right`
--

DROP TABLE IF EXISTS `tbl_join_right`;
/*!40101 SET @saved_cs_client     = @@character_set_client */;
/*!40101 SET character_set_client = utf8 */;
CREATE TABLE `tbl_join_right` (
  `id` tinyint(2) DEFAULT NULL,
  `alphabet` char(1) DEFAULT NULL
) ENGINE=InnoDB DEFAULT CHARSET=utf8mb4;
/*!40101 SET character_set_client = @saved_cs_client */;

--
-- Dumping data for table `tbl_join_right`
--

LOCK TABLES `tbl_join_right` WRITE;
/*!40000 ALTER TABLE `tbl_join_right` DISABLE KEYS */;
INSERT INTO `tbl_join_right` VALUES (1,'A'),(2,'B'),(3,'C'),(4,'E');
/*!40000 ALTER TABLE `tbl_join_right` ENABLE KEYS */;
UNLOCK TABLES;
/*!40103 SET TIME_ZONE=@OLD_TIME_ZONE */;

/*!40101 SET SQL_MODE=@OLD_SQL_MODE */;
/*!40014 SET FOREIGN_KEY_CHECKS=@OLD_FOREIGN_KEY_CHECKS */;
/*!40014 SET UNIQUE_CHECKS=@OLD_UNIQUE_CHECKS */;
/*!40101 SET CHARACTER_SET_CLIENT=@OLD_CHARACTER_SET_CLIENT */;
/*!40101 SET CHARACTER_SET_RESULTS=@OLD_CHARACTER_SET_RESULTS */;
/*!40101 SET COLLATION_CONNECTION=@OLD_COLLATION_CONNECTION */;
/*!40111 SET SQL_NOTES=@OLD_SQL_NOTES */;

-- Dump completed on 2023-01-10  7:58:07
